process_id,timestamp,checkpoint_path,task_id,repeat_idx,dataset_shape,num_features,n_train,n_test,mse_lr,r2_lr,mse_rf,r2_rf,mse_ridge,r2_ridge,mse_lasso,r2_lasso,mse_enet,r2_enet,mse_huber,r2_huber,mse_bayesridge,r2_bayesridge,mse_svr,r2_svr,mse_knn,r2_knn,mse_dtr,r2_dtr,mse_extratrees,r2_extratrees,mse_gbrt,r2_gbrt,mse_adaboost,r2_adaboost,mse_mlp,r2_mlp,mse_pfn,r2_pfn,model,metric,mean,median,std,iqr,ci95_mean_low,ci95_mean_high,ci95_median_low,ci95_median_high,avg_rank_mse,avg_rank_r2
2210,2025-11-18T16:22:00.153470,final_model_with_bardist.pt,361072,0.0,"(8192, 22)",50,10000,10000,5.2484039770206437e-05,0.0,0.0,1.0,5.473582132253796e-05,0.0,0.32540449500083923,0.0,0.32540449500083923,0.0,1.0034709850306682e-06,0.0,5.2730454626725987e-05,0.0,0.009928739957869361,0.0,0.0,1.0,0.0,1.0,0.0,1.0,1.1871802799351455e-06,0.0,0.011547088645872368,0.0,1.526932646811474e-05,0.0,1.2285740922379773e-06,0.0,,,,,,,,,,,,
2210,2025-11-18T16:23:00.815570,final_model_with_bardist.pt,361073,0.0,"(15000, 27)",50,10000,10000,1.7917914390563965,-3.5837740898132324,0.4457806213135116,-0.14039923639937357,25.97540283203125,-65.45046997070312,0.4281477630138397,-0.09529078006744385,0.4281477630138397,-0.09529078006744385,0.5246858464031636,-0.34225515865777023,28.318561553955078,-71.44475555419922,4.896695102783457,-11.526761122187771,0.5154222846031189,-0.31855714321136475,0.5089199999308587,-0.30192285523634843,0.33967275960736903,0.13104666923265673,0.08930778499904572,0.7715321731183916,0.5226113193941112,-0.3369480885342586,0.03802381455898285,0.9027271866798401,0.2529194951057434,0.35297948122024536,,,,,,,,,,,,
2210,2025-11-18T16:24:02.564094,final_model_with_bardist.pt,361073,1.0,"(15000, 27)",50,10000,10000,1.6181384325027466,-3.119189739227295,0.4251073698078282,-0.08216819082668625,26.81874656677246,-67.27073669433594,0.43323031067848206,-0.10284626483917236,0.43323031067848206,-0.10284626483917236,0.701321051973508,-0.7853074020944997,28.940519332885742,-72.6719970703125,4.947671670085184,-11.594966072785166,0.5125123262405396,-0.30466926097869873,0.5097280000729562,-0.2975814272568704,0.34158175229753734,0.1304575428312693,0.06467692299578212,0.8353561624249838,0.5252404202549632,-0.3370703866962106,0.00971781276166439,0.9752619862556458,0.041046541184186935,0.8955104947090149,,,,,,,,,,,,
2210,2025-11-18T16:25:02.583884,final_model_with_bardist.pt,361073,2.0,"(15000, 27)",50,10000,10000,38.5807991027832,-96.40335083007812,0.4580150948471763,-0.1563319113749262,29.724267959594727,-74.04363250732422,0.44223207235336304,-0.11648499965667725,0.44223207235336304,-0.11648499965667725,0.9378827967903489,-1.3678342029755743,30.475540161132812,-75.94033813476562,4.718356463856807,-10.91224090599078,0.5152324438095093,-0.30078601837158203,0.5122280000538827,-0.29320100805781046,0.3453992799304832,0.1279846143874287,0.0782868069965989,0.8023525115476328,0.4771265856419249,-0.2045819077801534,0.020336400717496872,0.9486575126647949,0.20784643292427063,0.4752587080001831,,,,,,,,,,,,
2210,2025-11-18T16:26:02.662432,final_model_with_bardist.pt,361073,3.0,"(15000, 27)",50,10000,10000,0.7884544730186462,-1.0234932899475098,0.4929339531596248,-0.26506811795704754,26.11677360534668,-66.02621459960938,0.43805015087127686,-0.12421393394470215,0.43805015087127686,-0.12421393394470215,0.6742655587466797,-0.7304384409704039,28.475631713867188,-72.07999420166016,4.701778513248752,-11.06666746463769,0.5146957039833069,-0.3209174871444702,0.5114520000414849,-0.31259292440812403,0.36897158504728106,0.05306951228770618,0.06257838137647131,0.8393985347422499,0.5681963424129024,-0.45822188331506597,0.08308865875005722,0.7867608666419983,0.2346070259809494,0.3979033827781677,,,,,,,,,,,,
2210,2025-11-18T16:27:05.140738,final_model_with_bardist.pt,361073,4.0,"(15000, 27)",50,10000,10000,0.26682618260383606,0.3171690106391907,0.4094026693673063,-0.04769646092501678,27.171125411987305,-68.53323364257812,0.4292275905609131,-0.09843003749847412,0.4292275905609131,-0.09843003749847412,0.5213163236410233,-0.3340930779596847,29.330774307250977,-74.0599594116211,4.51897928852974,-10.564454660011908,0.5142607688903809,-0.31603729724884033,0.5118680000872613,-0.3099140095519266,0.4067750773521931,-0.04097222813180301,0.0235552559482141,0.9397200845532698,0.5684797841804622,-0.4547884089610923,0.039973318576812744,0.8977048397064209,0.3064383268356323,0.21579813957214355,,,,,,,,,,,,
2210,2025-11-18T16:28:02.570156,final_model_with_bardist.pt,361074,0.0,"(16599, 17)",50,10000,10000,0.013243863359093666,0.9033348560333252,0.02513775343677371,0.8165229121241948,0.013310800306499004,0.9028462767601013,0.19292615354061127,-0.40814197063446045,0.19292615354061127,-0.40814197063446045,0.01472867261729732,0.892497395724132,0.01324443332850933,0.9033306837081909,0.008253306986156547,0.9397602202211992,0.014097940176725388,0.8971010446548462,0.03464682530390576,0.7471174730513921,0.012581109111964257,0.9081721734634365,0.029785726032124878,0.7825979840885003,0.029192607532356953,0.7869270763988533,0.004890399053692818,0.9643056392669678,0.05624046549201012,0.5895084142684937,,,,,,,,,,,,
2210,2025-11-18T16:29:02.300600,final_model_with_bardist.pt,361074,1.0,"(16599, 17)",50,10000,10000,0.017494872212409973,0.8742401003837585,0.011100092408593255,0.9202082503294284,0.017908833920955658,0.8712643384933472,0.1977095752954483,-0.42121291160583496,0.1977095752954483,-0.42121291160583496,0.019590439826218976,0.8591763552040408,0.01752176135778427,0.874046802520752,0.011720622953804088,0.915747637200832,0.015255392529070377,0.8903383612632751,0.015036176102989122,0.89191416112144,0.019096064723477083,0.8627301143070557,0.013450262673241332,0.9033143191316263,0.03758923169227382,0.7297940904368436,0.01593916118144989,0.8854231238365173,0.055953431874513626,0.5977851152420044,,,,,,,,,,,,
2210,2025-11-18T16:29:59.515093,final_model_with_bardist.pt,361074,2.0,"(16599, 17)",50,10000,10000,0.022671889513731003,0.8375490307807922,0.029742529389944997,0.7868857239128619,0.022814545780420303,0.8365268707275391,0.19789396226406097,-0.41797029972076416,0.19789396226406097,-0.41797029972076416,0.025691910641710097,0.8159096401681789,0.02266988717019558,0.8375633955001831,0.025343218600284222,0.8184081247796102,0.012324041686952114,0.9116945266723633,0.12299191486883779,0.1187254937804818,0.03006350123202376,0.7845858629672056,0.028897023666519122,0.792944029775589,0.019850473860280077,0.8577653127191524,0.021197952330112457,0.8481101989746094,0.07027314603328705,0.4964715838432312,,,,,,,,,,,,
2210,2025-11-18T16:30:55.768297,final_model_with_bardist.pt,361074,3.0,"(16599, 17)",50,10000,10000,0.012562019750475883,0.909104585647583,0.016794383102712983,0.8784802957297577,0.012642482295632362,0.908522367477417,0.1941947340965271,-0.40514159202575684,0.1941947340965271,-0.40514159202575684,0.01512201617344143,0.890581099518352,0.012560814619064331,0.9091132879257202,0.008467641844607849,0.9387303882179006,0.02001830004155636,0.8551529049873352,0.054539845164808594,0.6053641378288135,0.01783108940709292,0.8709789637217369,0.027602654857656284,0.800274506371472,0.034267883901567577,0.7520466758309928,0.005105694755911827,0.9630565643310547,0.046768877655267715,0.6615928411483765,,,,,,,,,,,,
2210,2025-11-18T16:31:47.993436,final_model_with_bardist.pt,361074,4.0,"(16599, 17)",50,10000,10000,0.01425928995013237,0.896593451499939,0.016962391377573112,0.8769909111630632,0.014950905926525593,0.891577959060669,0.193272203207016,-0.4015852212905884,0.193272203207016,-0.4015852212905884,0.01712498209650498,0.8758118241025208,0.014311041682958603,0.8962181806564331,0.00830307815480345,0.9397871411153362,0.01956823468208313,0.8580936789512634,0.08204559229380544,0.40501587739029177,0.01648469775900222,0.8804550840768726,0.025504214918942458,0.8150467013260612,0.05627270850655914,0.5919175282719624,0.010205190628767014,0.9259932637214661,0.05672210827469826,0.5886585712432861,,,,,,,,,,,,
2210,2025-11-18T16:32:54.020135,final_model_with_bardist.pt,361075,0.0,"(7797, 614)",50,10000,10000,0.0009287214488722384,0.0,0.0,1.0,0.0009320882963947952,0.0,1.5375237083503634e-08,0.0,1.5375237083503634e-08,0.0,0.00011847587800314898,0.0,0.0009598388569429517,0.0,0.010064589179297246,0.0,0.0,1.0,0.0,1.0,0.0,1.0,2.881968798231221e-06,0.0,0.00029325173850561643,0.0,7.173721678555012e-05,0.0,0.018173694610595703,0.0,,,,,,,,,,,,
2210,2025-11-18T16:34:03.993570,final_model_with_bardist.pt,361075,1.0,"(7797, 614)",50,10000,10000,0.0011731341946870089,0.0,0.0,1.0,0.0011630693916231394,0.0,1.5375261952499386e-08,0.0,1.5375261952499386e-08,0.0,0.00014513436465121653,0.0,0.0011157570406794548,0.0,0.010056836705641644,0.0,0.0,1.0,0.0,1.0,0.0,1.0,3.025993254305014e-07,0.0,0.00033148197524613017,0.0,1.2859783964813687e-05,0.0,0.002223715651780367,0.0,,,,,,,,,,,,
2210,2025-11-18T16:35:06.178552,final_model_with_bardist.pt,361075,2.0,"(7797, 614)",50,10000,10000,0.0011473970953375101,0.0,0.0,1.0,0.001151828677393496,0.0,1.5375288597851977e-08,0.0,1.5375288597851977e-08,0.0,0.00023808686634074858,0.0,0.0011814103927463293,0.0,0.009953651182676385,0.0,0.0,1.0,0.0,1.0,0.0,1.0,2.8676089486537088e-05,0.0,0.0067464112953837686,0.0,5.585473627434112e-05,0.0,0.27637869119644165,0.0,,,,,,,,,,,,
2210,2025-11-18T16:36:26.582757,final_model_with_bardist.pt,361075,3.0,"(7797, 614)",50,10000,10000,0.0008490134496241808,0.0,0.0,1.0,0.0008552765939384699,0.0,1.5375421824614932e-08,0.0,1.5375421824614932e-08,0.0,8.454171035438536e-05,0.0,0.0009307852596975863,0.0,0.0100373076996499,0.0,0.0,1.0,0.0,1.0,0.0,1.0,2.7513026126430516e-05,0.0,0.0002612460378535719,0.0,5.182701443118276e-06,0.0,6.435165414586663e-05,0.0,,,,,,,,,,,,
2210,2025-11-18T16:37:26.962039,final_model_with_bardist.pt,361075,4.0,"(7797, 614)",50,10000,10000,0.0009696194902062416,0.0,0.0,1.0,0.0009776548249647021,0.0,1.5375379192050787e-08,0.0,1.5375379192050787e-08,0.0,0.00010004764397797594,0.0,0.0010282194707542658,0.0,0.010022142078643933,0.0,0.0,1.0,0.0,1.0,0.0,1.0,7.038246676511557e-06,0.0,0.0013016645655345449,0.0,8.41024211695185e-06,0.0,0.010802000761032104,0.0,,,,,,,,,,,,
2210,2025-11-18T16:38:33.943289,final_model_with_bardist.pt,361076,0.0,"(6497, 12)",50,10000,10000,2.3378775040328037e-06,0.0,0.0,1.0,2.4884830054361373e-06,0.0,0.0015471100341528654,0.0,0.0015471100341528654,0.0,1.4136857103157784e-07,0.0,2.4189735086110886e-06,0.0,0.009956596691801007,0.0,0.0,1.0,0.0,1.0,0.0,1.0,1.9565177404598925e-06,0.0,2.647578260199221e-05,0.0,1.0947090231638867e-05,0.0,0.004506285302340984,0.0,,,,,,,,,,,,
2210,2025-11-18T16:39:30.960830,final_model_with_bardist.pt,361077,0.0,"(13750, 34)",50,10000,10000,0.014668821357190609,0.8162562847137451,0.007014810591373867,0.9121315144090578,0.014893821440637112,0.8134379386901855,0.17796669900417328,-1.2292354106903076,0.17796669900417328,-1.2292354106903076,0.02308866773083478,0.7107881615056453,0.014789004810154438,0.8147509098052979,0.013544160229702408,0.8303439797150769,0.03241743892431259,0.5939347147941589,0.031657318053579825,0.6034560649920478,0.015857692380077316,0.801364356705814,0.013173180358550394,0.8349909247805553,0.012319954653707332,0.8456785477142403,0.015009826980531216,0.8119848370552063,0.004908320493996143,0.938517689704895,,,,,,,,,,,,
2210,2025-11-18T16:40:27.873249,final_model_with_bardist.pt,361077,1.0,"(13750, 34)",50,10000,10000,0.012076410464942455,0.847290575504303,0.004774106711531608,0.9396301476816895,0.013776025734841824,0.825798511505127,0.17582327127456665,-1.2233319282531738,0.17582327127456665,-1.2233319282531738,0.023800381192992444,0.6990378337648231,0.013331513851881027,0.8314194679260254,0.02134818991040061,0.7300464463768409,0.014985079877078533,0.8105096817016602,0.019326866033693966,0.7556066257564733,0.011025624401294272,0.8605780396119892,0.010243023102596633,0.8704742417040738,0.006525941777984907,0.9174777261632575,0.0069604492746293545,0.9119832515716553,0.004633651115000248,0.94140625,,,,,,,,,,,,
2210,2025-11-18T16:41:24.161437,final_model_with_bardist.pt,361077,2.0,"(13750, 34)",50,10000,10000,0.019263818860054016,0.7551834583282471,0.0050411054665196265,0.935934523970826,0.02117730677127838,0.7308657169342041,0.1767416149377823,-1.2461416721343994,0.1767416149377823,-1.2461416721343994,0.03051530986422304,0.6121926300464982,0.021040569990873337,0.7326034307479858,0.023695030170469814,0.6988689489877234,0.0383780263364315,0.5122683048248291,0.03145388935994475,0.6002645831956658,0.02356972645946652,0.7004613857948808,0.024652491381346096,0.6867009416604324,0.007319135835419024,0.9069839096736779,0.015944037586450577,0.7973732948303223,0.009082247503101826,0.884577214717865,,,,,,,,,,,,
2210,2025-11-18T16:42:22.276166,final_model_with_bardist.pt,361077,3.0,"(13750, 34)",50,10000,10000,0.038824498653411865,0.6397530436515808,0.011543726897860544,0.8928874032701629,0.042159873992204666,0.6088045835494995,0.24976779520511627,-1.3175594806671143,0.24976779520511627,-1.3175594806671143,0.056310573585042926,0.4775022128114983,0.0414557084441185,0.6153384447097778,0.06948489250193404,0.3552595851210637,0.08752049505710602,0.18790990114212036,0.015486503837144531,0.8563029379558026,0.027021286603644046,0.7492733325461907,0.037460327219337335,0.6524109623941059,0.024050680980441656,0.7768371587677236,0.021466268226504326,0.800817608833313,0.026047203689813614,0.7583117485046387,,,,,,,,,,,,
2210,2025-11-18T16:43:19.426265,final_model_with_bardist.pt,361077,4.0,"(13750, 34)",50,10000,10000,0.034170202910900116,0.5858579277992249,0.01857057664364241,0.7749250584775621,0.035989224910736084,0.5638114213943481,0.1837950497865677,-1.2275917530059814,0.1837950497865677,-1.2275917530059814,0.04990454404583595,0.3951581284544662,0.035339027643203735,0.5716918110847473,0.08390584179650798,-0.016936781131415612,0.09310294687747955,-0.12840557098388672,0.023320054949290348,0.7173614958365624,0.03600803394881816,0.5635834960384624,0.03726491470021359,0.548350131612062,0.006197674239301678,0.9248843375327551,0.04614908620715141,0.4406741261482239,0.02695797197520733,0.6732699871063232,,,,,,,,,,,,
2210,2025-11-18T16:44:16.101155,final_model_with_bardist.pt,361078,0.0,"(20640, 9)",50,10000,10000,0.03779376670718193,0.6427938938140869,0.019214513224136386,0.8183949037459932,0.037925105541944504,0.6415525674819946,0.10580389201641083,-7.152557373046875e-07,0.10580389201641083,-7.152557373046875e-07,0.03776734217605481,0.6430436862420843,0.0378006249666214,0.6427291035652161,0.028742706777801656,0.7283396165130811,0.028775988146662712,0.7280250787734985,0.03729146536890364,0.6475414142021755,0.020073464162611455,0.8102765680879611,0.02304862146015964,0.7821570044492974,0.04591250004178763,0.5660600977974715,0.02517351135611534,0.7620736956596375,0.033609822392463684,0.682338297367096,,,,,,,,,,,,
2210,2025-11-18T16:45:12.792874,final_model_with_bardist.pt,361078,1.0,"(20640, 9)",50,10000,10000,0.03808419778943062,0.6389914751052856,0.018223703893453107,0.8272534654830721,0.03815814107656479,0.638290524482727,0.10550612956285477,-0.00011599063873291016,0.10550612956285477,-0.00011599063873291016,0.03840183753942564,0.6359804574962917,0.03808734938502312,0.6389615535736084,0.028188279887891077,0.7327970376880548,0.0295742005109787,0.7196595668792725,0.0351471544541766,0.6668323209382575,0.01950004531696334,0.8151547418064322,0.02263382292327534,0.7854489682379958,0.050566454775998367,0.5206693504003432,0.025377096608281136,0.7594448924064636,0.034089021384716034,0.6768625974655151,,,,,,,,,,,,
2210,2025-11-18T16:46:10.249106,final_model_with_bardist.pt,361078,2.0,"(20640, 9)",50,10000,10000,0.038072120398283005,0.6480732560157776,0.018649413524864555,0.8276106555852609,0.03821539878845215,0.6467488408088684,0.10818204283714294,-9.5367431640625e-07,0.10818204283714294,-9.5367431640625e-07,0.03807143342996845,0.6480795794907277,0.03807957470417023,0.6480043530464172,0.028105081175091026,0.7402054219004104,0.02901758998632431,0.7317705154418945,0.03740474314821872,0.654242255890459,0.019976896174846912,0.8153398212532702,0.022663424273881454,0.7905063959486691,0.05124351018357756,0.5263210226810013,0.024956129491329193,0.7693133354187012,0.03405957296490669,0.6851639747619629,,,,,,,,,,,,
2210,2025-11-18T16:47:06.264410,final_model_with_bardist.pt,361078,3.0,"(20640, 9)",50,10000,10000,0.03746025264263153,0.640365719795227,0.017815409819295254,0.8289645354738715,0.037399742752313614,0.640946626663208,0.10420811921358109,-0.0004419088363647461,0.10420811921358109,-0.0004419088363647461,0.037829481042933745,0.6368209921304806,0.03745407611131668,0.6404250860214233,0.027476362419327598,0.7362153069985422,0.027829477563500404,0.7328252792358398,0.03584557819957926,0.6558672979875784,0.019272541843570502,0.8149754521367095,0.022059208449525206,0.7882222748445036,0.04832465393016399,0.5360628962877848,0.023677285760641098,0.7726880311965942,0.033403899520635605,0.6793084144592285,,,,,,,,,,,,
2210,2025-11-18T16:48:03.442718,final_model_with_bardist.pt,361078,4.0,"(20640, 9)",50,10000,10000,0.03786657378077507,0.639276385307312,0.018321048047615203,0.8254705125261192,0.03775938227772713,0.640297532081604,0.10499753057956696,-0.00022482872009277344,0.10499753057956696,-0.00022482872009277344,0.038136891029376924,0.6367013487489439,0.03785749152302742,0.6393629312515259,0.028008380259613216,0.7331873024414588,0.028773797675967216,0.7258957624435425,0.037450686917509426,0.6432382483649183,0.019430194752677196,0.8149045882697822,0.022657467363658496,0.7841610285526088,0.05119311762490128,0.512325465331274,0.025005944073200226,0.7617890238761902,0.033587995916604996,0.6800349354743958,,,,,,,,,,,,
2210,2025-11-18T16:49:01.667177,final_model_with_bardist.pt,361079,0.0,"(22784, 17)",50,10000,10000,0.013586550951004028,0.2185172438621521,0.00772744336968272,0.555526351038838,0.013563433662056923,0.2198469042778015,0.017386535182595253,-5.352497100830078e-05,0.017386535182595253,-5.352497100830078e-05,0.013731886574379541,0.21015768853368277,0.013575778342783451,0.21913683414459229,0.010380761627932793,0.402910538579237,0.010258998721837997,0.40991419553756714,0.014145113004432648,0.1863893798672629,0.007792191928438819,0.5518020884595469,0.008142338079690864,0.5316620848294598,0.012953352319545882,0.2549380828416884,0.010466601699590683,0.39797312021255493,0.011328302323818207,0.34840911626815796,,,,,,,,,,,,
2210,2025-11-18T16:50:00.764120,final_model_with_bardist.pt,361079,1.0,"(22784, 17)",50,10000,10000,0.015233459882438183,0.16599291563034058,0.007818053229013145,0.5719743356464595,0.01519460417330265,0.1681201457977295,0.01827751286327839,-0.0006639957427978516,0.01827751286327839,-0.0006639957427978516,0.01626077064600561,0.10974932572368135,0.015214688144624233,0.16702061891555786,0.011498286392645331,0.3704875717812769,0.011127586476504803,0.39078277349472046,0.014656294899518212,0.19759175621274816,0.009016318410036885,0.5063712711551548,0.00902277511805976,0.5060177769207113,0.015017820459659796,0.17779882138261272,0.011252105236053467,0.3839656114578247,0.011991791427135468,0.34346896409988403,,,,,,,,,,,,
2210,2025-11-18T16:50:59.952333,final_model_with_bardist.pt,361079,2.0,"(22784, 17)",50,10000,10000,0.014775426127016544,0.22126662731170654,0.008092614173756776,0.5734817356854869,0.014785931445658207,0.22071295976638794,0.018979620188474655,-0.00031387805938720703,0.018979620188474655,-0.00031387805938720703,0.015596575394041847,0.1779882095591051,0.014779843389987946,0.22103381156921387,0.011847829196703547,0.37556450408076936,0.01166363712400198,0.3852723240852356,0.014096035434898749,0.2570736182004487,0.008642778737593495,0.5444855139681657,0.008816731609428594,0.5353173916068856,0.011800573405616965,0.3780551032320817,0.011072955094277859,0.41640394926071167,0.011793872341513634,0.3784083127975464,,,,,,,,,,,,
2210,2025-11-18T16:52:00.553948,final_model_with_bardist.pt,361079,3.0,"(22784, 17)",50,10000,10000,0.013106375001370907,0.2582164406776428,0.007232344931084178,0.5906698176265687,0.013107000850141048,0.25818103551864624,0.017668774351477623,-2.384185791015625e-06,0.017668774351477623,-2.384185791015625e-06,0.01368316989860551,0.22557144558048325,0.013105425983667374,0.25827014446258545,0.010519828680349402,0.4046075742657972,0.010560575872659683,0.4023014307022095,0.014423006405341948,0.18369880052350152,0.008351129251550144,0.527349802569679,0.008305819431516938,0.5299142096982422,0.013949618569997864,0.2104912075258194,0.011112737469375134,0.3710506558418274,0.010674331337213516,0.39586323499679565,,,,,,,,,,,,
2210,2025-11-18T16:53:01.015552,final_model_with_bardist.pt,361079,4.0,"(22784, 17)",50,10000,10000,0.011687073856592178,0.27117741107940674,0.008069380125942719,0.49678196135621844,0.011645114049315453,0.27379411458969116,0.01603635773062706,-5.0187110900878906e-05,0.01603635773062706,-5.0187110900878906e-05,0.011667328179590377,0.2724087958291743,0.011665742844343185,0.2725076675415039,0.008883238675755595,0.44602858293330494,0.009162829257547855,0.4285929799079895,0.014674505003297875,0.08487696569317182,0.007808368293081178,0.5130590310375849,0.00881262001903056,0.4504324629555859,0.015601255862908432,0.027083462027959526,0.00937410444021225,0.41541749238967896,0.009598711505532265,0.40141069889068604,,,,,,,,,,,,
2210,2025-11-18T16:53:53.139326,final_model_with_bardist.pt,361080,0.0,"(53940, 7)",50,10000,10000,0.02133774198591709,0.9159672856330872,0.015127196332038016,0.9404257909369708,0.021934110671281815,0.9136186838150024,0.2543613314628601,-0.0017305612564086914,0.2543613314628601,-0.0017305612564086914,0.02173377464767475,0.9144076399770702,0.021347150206565857,0.9159302711486816,0.014594619372031685,0.9425231955360222,0.016758568584918976,0.934001088142395,0.026960946999891076,0.893821891522157,0.01577453977716894,0.9378764108080083,0.013934732868653769,0.9451219729728462,0.016669921485071796,0.934350201728217,0.015387454070150852,0.939400851726532,0.015313533134758472,0.939691960811615,,,,,,,,,,,,
2210,2025-11-18T16:54:48.345673,final_model_with_bardist.pt,361080,1.0,"(53940, 7)",50,10000,10000,0.020504707470536232,0.9207162857055664,0.015405665081927122,0.9404322964853312,0.020632706582546234,0.9202213883399963,0.25875917077064514,-0.0005209445953369141,0.25875917077064514,-0.0005209445953369141,0.019917459011696673,0.9229869475374898,0.02050737291574478,0.9207059741020203,0.015127494549037081,0.941507873537123,0.01710611954331398,0.9338573217391968,0.0277382269272335,0.8927470856443311,0.016056572519178063,0.9379154910743696,0.014316745215125304,0.9446427252744769,0.016594666482751538,0.9358348914043961,0.01521417498588562,0.94117271900177,0.015298217535018921,0.9408477544784546,,,,,,,,,,,,
2210,2025-11-18T16:55:41.416926,final_model_with_bardist.pt,361080,2.0,"(53940, 7)",50,10000,10000,0.021211780607700348,0.9143885374069214,0.014782050199924618,0.9403391274573802,0.02167712338268757,0.9125103950500488,0.247781902551651,-5.650520324707031e-05,0.247781902551651,-5.650520324707031e-05,0.022567355170197145,0.9089173638146602,0.021217772737145424,0.9143643379211426,0.014704852064406535,0.9406507018372112,0.016568133607506752,0.9331304430961609,0.026594260404957343,0.8926646331918497,0.015267850250378362,0.9383784214322128,0.01366397350692682,0.9448517241656607,0.016484664540513727,0.9334673163223023,0.014841395430266857,0.9400995969772339,0.01514856144785881,0.9388598799705505,,,,,,,,,,,,
2210,2025-11-18T16:56:37.922813,final_model_with_bardist.pt,361080,3.0,"(53940, 7)",50,10000,10000,0.019142473116517067,0.9247548580169678,0.01536018316949426,0.9396222536740403,0.018986359238624573,0.9253684878349304,0.25441160798072815,-4.017353057861328e-05,0.25441160798072815,-4.017353057861328e-05,0.019005353056947207,0.9252938345171151,0.01913890615105629,0.92476886510849,0.014688770865228153,0.9422614384636864,0.016603901982307434,0.9347334504127502,0.02821079212360613,0.8891091315970578,0.01611628018416107,0.9366501905647908,0.014196306362486215,0.9441972159536414,0.01703689538188358,0.933031440042186,0.016040895134210587,0.9369465112686157,0.015292315743863583,0.9398890137672424,,,,,,,,,,,,
2210,2025-11-18T16:57:32.386431,final_model_with_bardist.pt,361080,4.0,"(53940, 7)",50,10000,10000,0.06257462501525879,0.7543390989303589,0.015502794783179962,0.9391377831389809,0.04357704892754555,0.8289214372634888,0.25472328066825867,-1.4662742614746094e-05,0.25472328066825867,-1.4662742614746094e-05,0.05039127208159212,0.802169571859392,0.06156837195158005,0.7582895755767822,0.015088659226478856,0.9407636324399823,0.01705056242644787,0.933061420917511,0.02722536789991568,0.8931162884873194,0.016096637974531258,0.9368064220135227,0.014320339263050414,0.9437799696157518,0.018527354432863706,0.9272637044400961,0.016780313104391098,0.9341223835945129,0.01531330868601799,0.9398816823959351,,,,,,,,,,,,
2210,2025-11-18T16:58:19.049348,final_model_with_bardist.pt,361081,0.0,"(10692, 9)",50,10000,10000,3.388831615447998,-191.56800842285156,0.2118862126819029,-11.040288149444201,2.7726542949676514,-156.5541534423828,0.2123439460992813,-11.06629753112793,0.2123439460992813,-11.06629753112793,6.7305816165074415,-381.4606662716709,3.3834598064422607,-191.26275634765625,0.2958005909351203,-15.808664917624952,0.005021839868277311,0.7146373987197876,0.31369896172874523,-16.82572751472921,0.2742741626344509,-14.585440450644114,0.5770615875009991,-31.791127395903295,0.22905719301921626,-12.016017284685626,0.22986574470996857,-12.06196117401123,0.03844470530748367,-1.184593677520752,,,,,,,,,,,,
2210,2025-11-18T16:59:08.808587,final_model_with_bardist.pt,361081,1.0,"(10692, 9)",50,10000,10000,3.346841812133789,-189.04823303222656,0.1995933564023063,-10.333778208293245,2.749063730239868,-155.10379028320312,0.2120799869298935,-11.042823791503906,0.2120799869298935,-11.042823791503906,3.337147443427704,-188.49773506461958,3.3421266078948975,-188.78048706054688,0.29752710006921396,-15.894881793280852,0.005016535986214876,0.7151392698287964,0.3136988928316962,-16.81318646886843,0.27778653614299204,-14.77392678115376,0.5730268906423014,-31.538957222790145,0.2767792523188523,-14.716728827968435,0.2846727967262268,-15.164960861206055,0.03248286992311478,-0.8445186614990234,,,,,,,,,,,,
2210,2025-11-18T16:59:57.372978,final_model_with_bardist.pt,361081,2.0,"(10692, 9)",50,10000,10000,3.3638362884521484,-196.348876953125,0.24454102167888558,-13.34668366462266,2.7522218227386475,-160.46681213378906,0.2121869921684265,-11.4485445022583,0.2121869921684265,-11.4485445022583,7.68720571365293,-449.9914446316427,3.3581581115722656,-196.01576232910156,0.2946141143177161,-16.284361831118495,0.005021058022975922,0.7054255604743958,0.3275108791829184,-18.21434264116956,0.26581872367833187,-14.594999622413239,0.565477191141017,-32.17530255317491,0.2523589568611571,-13.805344719526799,0.08365477621555328,-3.907841682434082,0.0651746466755867,-2.823653221130371,,,,,,,,,,,,
2210,2025-11-18T17:00:44.326072,final_model_with_bardist.pt,361081,3.0,"(10692, 9)",50,10000,10000,2.5153262615203857,-140.8531036376953,0.2544767766208838,-13.351347845672946,1.9170035123825073,-107.11039733886719,0.21178384125232697,-10.943657875061035,0.21178384125232697,-10.943657875061035,2.9894029435199387,-167.58890647317503,2.5046768188476562,-140.25253295898438,0.33567680276778494,-17.930664810411184,0.0029416768811643124,0.8341026306152344,0.3275377994641682,-17.4716615603767,0.28069476354432843,-14.829924614633715,0.48097133219472354,-26.124624037526914,0.26678509036839304,-14.045481488552824,0.35706424713134766,-19.136821746826172,0.004320347215980291,0.7563518285751343,,,,,,,,,,,,
2210,2025-11-18T17:01:33.216745,final_model_with_bardist.pt,361081,4.0,"(10692, 9)",50,10000,10000,3.342916488647461,-188.99322509765625,0.21527507517611857,-11.235066028918423,2.734156608581543,-154.39462280273438,0.21163465082645416,-11.02816390991211,0.21163465082645416,-11.02816390991211,3.584555322431298,-202.72665538905446,3.33768630027771,-188.6959686279297,0.29727733866402195,-15.895629298839257,0.005973089020699263,0.6605221033096313,0.3137169424369288,-16.829967087299988,0.23382098626538728,-12.289114885052909,0.6385267323851489,-35.29039137749881,0.20971250617055384,-10.918919819154844,0.1747431457042694,-8.931450843811035,0.05151059105992317,-1.9275822639465332,,,,,,,,,,,,
2210,2025-11-18T17:02:36.515310,final_model_with_bardist.pt,361082,0.0,"(17379, 7)",50,10000,10000,0.1386861950159073,0.20219957828521729,0.09962396840395411,0.42690732824251054,0.13889507949352264,0.2009979486465454,0.1992141604423523,-0.14599108695983887,0.1992141604423523,-0.14599108695983887,0.16185698964052755,0.0689082544915709,0.1392941176891327,0.19870245456695557,0.08486717587748709,0.5117966354147822,0.11608896404504776,0.3321914076805115,0.17515828564070507,-0.007608224270545749,0.06898426825660911,0.6031639851555407,0.09930509699361119,0.42874165457409696,0.06660529572018203,0.6168491630176642,0.07420482486486435,0.5731323957443237,0.11616022884845734,0.3317815065383911,,,,,,,,,,,,
2210,2025-11-18T17:03:42.471156,final_model_with_bardist.pt,361082,1.0,"(17379, 7)",50,10000,10000,0.13715322315692902,0.2048889398574829,0.1018504899416656,0.4095475783480117,0.13728967308998108,0.2040979266166687,0.1955493688583374,-0.13364791870117188,0.1955493688583374,-0.13364791870117188,0.15920920200485897,0.0770249713389618,0.13756410777568817,0.2025068998336792,0.07284449664064344,0.5777024787006668,0.12090758234262466,0.2990689277648926,0.1384815893860108,0.19718805619867008,0.09073222772665644,0.474002887823439,0.09609736234847846,0.44289987858157753,0.06690214737521237,0.612151743658403,0.08055903017520905,0.5329793691635132,0.09502273797988892,0.44912970066070557,,,,,,,,,,,,
2210,2025-11-18T17:04:39.194184,final_model_with_bardist.pt,361082,2.0,"(17379, 7)",50,10000,10000,0.14200866222381592,0.19522058963775635,0.09248710285281768,0.4758648990195311,0.14206057786941528,0.19492626190185547,0.19958584010601044,-0.13107597827911377,0.19958584010601044,-0.13107597827911377,0.1641647942519847,0.06965913777587296,0.14217768609523773,0.19426268339157104,0.08032603038926234,0.5447831021754881,0.11171852797269821,0.3668782114982605,0.24812827285010589,-0.40617159944304015,0.08590024348903863,0.513193392304401,0.09699461016775092,0.4503203341147092,0.07327561540892259,0.5847386187144301,0.09181365370750427,0.47968143224716187,0.10926905274391174,0.38075965642929077,,,,,,,,,,,,
2210,2025-11-18T17:05:39.625252,final_model_with_bardist.pt,361082,3.0,"(17379, 7)",50,10000,10000,0.14519992470741272,0.1751006841659546,0.12609999064816207,0.28360988221760053,0.14540231227874756,0.1739509105682373,0.20359086990356445,-0.1566256284713745,0.20359086990356445,-0.1566256284713745,0.1676094912030336,0.047789119355185594,0.14578653872013092,0.17176812887191772,0.09209994346582066,0.47676848342261746,0.11631794273853302,0.33918291330337524,0.11385445062195747,0.3531783557487258,0.10872011723249685,0.3823471580833151,0.09112428847749138,0.48231130375441567,0.07634983882776084,0.5662468351556218,0.09172219038009644,0.4789145588874817,0.1035928726196289,0.4114757180213928,,,,,,,,,,,,
2210,2025-11-18T17:06:43.157602,final_model_with_bardist.pt,361082,4.0,"(17379, 7)",50,10000,10000,0.1430884599685669,0.17436647415161133,0.10783989569411617,0.37775398349644185,0.1431388407945633,0.17407578229904175,0.19895394146442413,-0.14798235893249512,0.19895394146442413,-0.14798235893249512,0.16509012753704627,0.047414933380761304,0.14324678480625153,0.1734529733657837,0.0828364221639077,0.5220263022221104,0.11639547348022461,0.3283874988555908,0.11334572074866987,0.34598487165049585,0.09773067325614271,0.43608511736381805,0.09521301254343295,0.45061224889809526,0.07869881423471413,0.545900676684573,0.08745599538087845,0.49537092447280884,0.11957339942455292,0.3100505471229553,,,,,,,,,,,,
2210,2025-11-18T17:07:39.752441,final_model_with_bardist.pt,361083,0.0,"(581835, 10)",50,10000,10000,0.04935300350189209,0.32773923873901367,0.032491824598248266,0.5574134243162473,0.049432579427957535,0.3266552686691284,0.07341493666172028,-1.9788742065429688e-05,0.07341493666172028,-1.9788742065429688e-05,0.05415902459915042,0.26227420170788407,0.049370069056749344,0.32750678062438965,0.04620397588975426,0.37063369863434836,0.06315348297357559,0.13975632190704346,0.058084670273167945,0.20880111739532048,0.034506742958903415,0.529967264288264,0.038826560471257494,0.4711249781436264,0.0568126087368576,0.22612847177987427,0.04303872585296631,0.4137490391731262,0.04997150972485542,0.31931430101394653,,,,,,,,,,,,
2210,2025-11-18T17:08:35.318751,final_model_with_bardist.pt,361083,1.0,"(581835, 10)",50,10000,10000,0.05169038847088814,0.29732829332351685,0.03428952339957883,0.5338731523428785,0.05165413022041321,0.2978211045265198,0.07361026108264923,-0.0006473064422607422,0.07361026108264923,-0.0006473064422607422,0.058577089830373553,0.20371146867863943,0.05167820304632187,0.2974938750267029,0.04616367502563735,0.3724576435427379,0.06313195824623108,0.14179319143295288,0.06391170670770717,0.13119345437108165,0.03647018626383271,0.5042295351110888,0.04018757308683774,0.45369591348161054,0.054761820611694455,0.25557568951199117,0.041362542659044266,0.4377235174179077,0.05086169019341469,0.3085934519767761,,,,,,,,,,,,
2210,2025-11-18T17:09:32.327757,final_model_with_bardist.pt,361083,2.0,"(581835, 10)",50,10000,10000,0.04532277211546898,0.3161569833755493,0.030720720226104788,0.5364769134389712,0.04533315449953079,0.3160003423690796,0.06627697497606277,-6.079673767089844e-06,0.06627697497606277,-6.079673767089844e-06,0.049882184926669675,0.24736320791169053,0.045324891805648804,0.3161250352859497,0.042406339826711874,0.36016091479748236,0.0571419857442379,0.13782531023025513,0.052919001558363404,0.2015428427613184,0.03291637747572328,0.5033482036339048,0.037298828551384944,0.4372245179148685,0.050361483736697986,0.24013140923723875,0.03832697868347168,0.4217115640640259,0.04614218324422836,0.3037934899330139,,,,,,,,,,,,
2210,2025-11-18T17:10:25.886156,final_model_with_bardist.pt,361083,3.0,"(581835, 10)",50,10000,10000,0.031938474625349045,0.3011818528175354,0.021670873324202134,0.5258383419760533,0.0320320725440979,0.29913395643234253,0.045706987380981445,-7.510185241699219e-05,0.045706987380981445,-7.510185241699219e-05,0.03535475261430827,0.22643320055288663,0.031946081668138504,0.30101537704467773,0.03074712027943831,0.32724882319910154,0.04223877564072609,0.07580983638763428,0.03942799514713779,0.13731009951278517,0.02272246304810846,0.5028294156818138,0.02520224000084699,0.4485715584256914,0.03447414145492644,0.24570109258290262,0.030361358076334,0.33568936586380005,0.03300079330801964,0.2779381275177002,,,,,,,,,,,,
2210,2025-11-18T17:11:25.681770,final_model_with_bardist.pt,361083,4.0,"(581835, 10)",50,10000,10000,0.05454057455062866,0.3158497214317322,0.03825705610015992,0.5201082580806811,0.0545099601149559,0.31623375415802,0.07972589135169983,-7.176399230957031e-05,0.07972589135169983,-7.176399230957031e-05,0.06042346744019249,0.24205555788810396,0.054534319788217545,0.31592822074890137,0.05209712724985181,0.3465001311269401,0.06988955289125443,0.12331408262252808,0.06625926207479806,0.16885207758496112,0.040608681069495924,0.49060976766048114,0.045409838040736915,0.4303846532103578,0.06361066961272842,0.2020756912087932,0.045954398810863495,0.4235536456108093,0.05747039616107941,0.27909839153289795,,,,,,,,,,,,
2210,2025-11-18T17:12:18.516173,final_model_with_bardist.pt,361084,0.0,"(21613, 16)",50,10000,10000,0.014903323724865913,0.7512221932411194,0.007979976490453213,0.8667920772643942,0.014903469942510128,0.7512197494506836,0.059919536113739014,-0.00022327899932861328,0.059919536113739014,-0.00022327899932861328,0.014948414891557718,0.7504695285410159,0.014903219416737556,0.7512239217758179,0.010170622014669178,0.8302241324740847,0.013591869734227657,0.7731139659881592,0.01660850287510227,0.7227580594519947,0.007882736484245255,0.8684152824516846,0.008323665298565965,0.8610549585835375,0.016153202260476313,0.7303582884961687,0.008851234801113605,0.8522483110427856,0.013051057234406471,0.7821416854858398,,,,,,,,,,,,
2210,2025-11-18T17:13:14.865219,final_model_with_bardist.pt,361084,1.0,"(21613, 16)",50,10000,10000,0.013619227334856987,0.7477365732192993,0.006834116901764013,0.8734144212924382,0.013618292286992073,0.7477538585662842,0.05400838702917099,-0.00037539005279541016,0.05400838702917099,-0.00037539005279541016,0.013643617714209518,0.747284796434758,0.013618608005344868,0.7477480173110962,0.008894725046401776,0.8352466114308366,0.011841588653624058,0.7806630730628967,0.014709598196812812,0.7275400718096241,0.006836826733272106,0.8733642281812312,0.007241215456166269,0.8658738996945826,0.014304211307733886,0.735048888924132,0.00785923097282648,0.8544266223907471,0.011184010654687881,0.7928431034088135,,,,,,,,,,,,
2210,2025-11-18T17:14:08.023174,final_model_with_bardist.pt,361084,2.0,"(21613, 16)",50,10000,10000,0.01335044577717781,0.744839072227478,0.006707489349966924,0.8718028381066022,0.013347326777875423,0.7448986768722534,0.05232212692499161,-8.702278137207031e-06,0.05232212692499161,-8.702278137207031e-06,0.013408271475948974,0.7437338683032968,0.013348803855478764,0.7448704242706299,0.008820866913880399,0.8314108238122782,0.011814143508672714,0.7742016911506653,0.014173861071838448,0.7291015061410477,0.00689026791771434,0.8683094753269395,0.007029474938337708,0.865648875506585,0.01439750904469378,0.7248270252008124,0.007788598537445068,0.8511400818824768,0.011388671584427357,0.7823335528373718,,,,,,,,,,,,
2210,2025-11-18T17:15:05.635140,final_model_with_bardist.pt,361084,3.0,"(21613, 16)",50,10000,10000,0.01401667669415474,0.7444865703582764,0.007251516921393953,0.8678103318121078,0.014015423133969307,0.7445094585418701,0.05485694110393524,-4.76837158203125e-07,0.05485694110393524,-4.76837158203125e-07,0.014049323750757634,0.7438914554004898,0.014015795662999153,0.7445026636123657,0.00935716039197427,0.8294260441223387,0.011964661069214344,0.7818933129310608,0.01404954571760045,0.7438874091128485,0.007374816045848997,0.8655626820408601,0.007596432108566636,0.8615227888552947,0.012865942314195706,0.7654636038398487,0.008207090198993683,0.8503909707069397,0.011808013543486595,0.7847488522529602,,,,,,,,,,,,
2210,2025-11-18T17:15:57.304101,final_model_with_bardist.pt,361084,4.0,"(21613, 16)",50,10000,10000,0.013920430094003677,0.748982310295105,0.006905170832311629,0.8754837508066113,0.013921267352998257,0.7489672899246216,0.05546543002128601,-0.0001703500747680664,0.05546543002128601,-0.0001703500747680664,0.013959371451882453,0.7482801488194626,0.013920925557613373,0.7489733695983887,0.00931561899234489,0.8320177785589749,0.011856329627335072,0.7862029075622559,0.013846852014416345,0.7503091353072509,0.007182136963849884,0.8704894089300323,0.007487689199935677,0.8649795932724639,0.01374387304281192,0.7521660850629288,0.00847289152443409,0.8472141027450562,0.011487743817269802,0.7928493022918701,,,,,,,,,,,,
2210,2025-11-18T17:16:55.127212,final_model_with_bardist.pt,361085,0.0,"(10081, 7)",50,10000,10000,1.4233185052871704,-244.65048217773438,0.8717835359164368,-149.46109717715507,1.416730523109436,-243.51344299316406,0.697437584400177,-119.37071990966797,0.697437584400177,-119.37071990966797,1.2834243847761573,-220.50618028630174,1.4223960638046265,-244.49127197265625,0.5629430582508846,-96.15832738645581,0.9555923938751221,-163.92564392089844,0.9279282238973064,-159.15110737606346,0.866813145437696,-148.60325761719588,0.8785129268719626,-150.62252258241702,0.7103623879500004,-121.60142556143194,0.9183589816093445,-157.49954223632812,0.8927437663078308,-153.07859802246094,,,,,,,,,,,,
2210,2025-11-18T17:17:52.394583,final_model_with_bardist.pt,361085,1.0,"(10081, 7)",50,10000,10000,1.4244507551193237,-242.789306640625,0.878719196180247,-149.3894285528822,1.4178310632705688,-241.65635681152344,0.6974332332611084,-118.363037109375,0.6974332332611084,-118.363037109375,1.2844396990811182,-218.82694038679247,1.4235312938690186,-242.63192749023438,0.5746646515233437,-97.3516565107669,0.9555969834327698,-162.54676818847656,0.9279320535783209,-157.81202081412223,0.8911612985481948,-151.51884677117764,0.8766048694321069,-149.02756961909645,0.7408954836019735,-125.8014274419658,0.9449529051780701,-160.72508239746094,0.8922906517982483,-151.71212768554688,,,,,,,,,,,,
2210,2025-11-18T17:19:01.330720,final_model_with_bardist.pt,361085,2.0,"(10081, 7)",50,10000,10000,1.419927954673767,-257.10986328125,0.8719291569265087,-157.4964222757785,1.4133564233779907,-255.91531372070312,0.697930634021759,-125.8675537109375,0.697930634021759,-125.8675537109375,1.2828245026009293,-232.18763050274927,1.4190093278884888,-256.9429016113281,0.575254127252102,-103.56780845616154,0.9556038975715637,-172.70655822753906,0.9227033367331569,-166.72598614505867,0.8762088094243713,-158.27436346986107,0.8844397630052936,-159.77055921481443,0.6983643338750574,-125.94637802269676,0.8389945030212402,-151.5096893310547,0.8963441252708435,-161.93450927734375,,,,,,,,,,,,
2210,2025-11-18T17:19:57.339591,final_model_with_bardist.pt,361085,3.0,"(10081, 7)",50,10000,10000,1.4266277551651,-240.61184692382812,0.8730544315596982,-146.85939587431207,1.4199562072753906,-239.4819793701172,0.6974217891693115,-117.11446380615234,0.6974217891693115,-117.11446380615234,1.2850467695260313,-216.6338978921533,1.4257069826126099,-240.45591735839844,0.5750441951271215,-96.38875861454495,0.9556031227111816,-160.8397216796875,0.9279325863118338,-156.15349085284828,0.8779323833330729,-147.68551962587094,0.8844514486446867,-148.78958029356426,0.6710459753423326,-112.64749886298611,0.7844653129577637,-131.8560333251953,0.9068623185157776,-152.5850372314453,,,,,,,,,,,,
2210,2025-11-18T17:20:53.320465,final_model_with_bardist.pt,361085,4.0,"(10081, 7)",50,10000,10000,1.4347277879714966,-255.41574096679688,0.8633883980873357,-153.30550615689393,1.427873134613037,-254.190673828125,0.6979616284370422,-123.74028015136719,0.6979616284370422,-123.74028015136719,1.2850744545499655,-228.66959551217928,1.4338120222091675,-255.2520751953125,0.5775754969046925,-102.22478225458258,0.9556503891944885,-169.7946319580078,0.9279787665366006,-164.8491515411766,0.8751602553481964,-155.40938246223672,0.8869226855366602,-157.51157395321206,0.719636769727343,-127.61409331870266,0.8178343772888184,-145.16404724121094,0.9060072302818298,-160.92236328125,,,,,,,,,,,,
2210,2025-11-18T17:21:52.975155,final_model_with_bardist.pt,361086,0.0,"(163065, 4)",50,10000,10000,0.018416551873087883,0.8148301839828491,0.0021253509235302595,0.9786305912105362,0.01837046816945076,0.815293550491333,0.09948573261499405,-0.0002824068069458008,0.09948573261499405,-0.0002824068069458008,0.029111692134388967,0.7072955609893107,0.018415851518511772,0.8148372173309326,0.0036929136426044175,0.9628694817503731,0.0023557906970381737,0.9763136506080627,0.004196910168345476,0.957802032573961,0.002184231332057694,0.9780385762611069,0.0018024751283725337,0.981876956212457,0.008123014160952981,0.9183268944971779,0.0019816376734524965,0.9800755381584167,0.0023523226846009493,0.9763485193252563,,,,,,,,,,,,
2210,2025-11-18T17:22:50.079447,final_model_with_bardist.pt,361086,1.0,"(163065, 4)",50,10000,10000,0.01691344380378723,0.8237159252166748,0.0024262185821254134,0.9747122070601796,0.016938641667366028,0.8234533071517944,0.09595214575529099,-8.213520050048828e-05,0.09595214575529099,-8.213520050048828e-05,0.022953800511734644,0.7607590021776998,0.016913805156946182,0.823712170124054,0.003737814398221551,0.9610418132784624,0.0026649506762623787,0.9722239971160889,0.004522855008895097,0.9528595560991969,0.0025746397521921663,0.9731652550072256,0.0021525192717582555,0.9775648978850405,0.016739694017872456,0.8255268839672796,0.0022063301876187325,0.9770040512084961,0.0026716396678239107,0.9721542596817017,,,,,,,,,,,,
2210,2025-11-18T17:23:47.614815,final_model_with_bardist.pt,361086,2.0,"(163065, 4)",50,10000,10000,0.018498996272683144,0.8204031586647034,0.0023795775881944392,0.9768979551755971,0.018513301387429237,0.8202642798423767,0.10301779955625534,-0.00014460086822509766,0.10301779955625534,-0.00014460086822509766,0.029228046082620217,0.7162405487090038,0.018499169498682022,0.8204014897346497,0.0038196678535583907,0.9629168897853873,0.002701784949749708,0.9737698435783386,0.004252846335399323,0.9587113918204946,0.002468485804938478,0.9760347928989525,0.0020923121779774186,0.9796868612471027,0.0072498005871920925,0.9296155675006261,0.0023036503698676825,0.9776350855827332,0.002622344298288226,0.9745410680770874,,,,,,,,,,,,
2210,2025-11-18T17:24:43.416342,final_model_with_bardist.pt,361086,3.0,"(163065, 4)",50,10000,10000,0.018180374056100845,0.8114561438560486,0.002476532163126401,0.974316543234779,0.018166273832321167,0.8116024136543274,0.09645937383174896,-0.0003546476364135742,0.09645937383174896,-0.0003546476364135742,0.0288076626817681,0.7012433878265376,0.018180135637521744,0.8114586472511292,0.004131532509259135,0.9571529745683961,0.002744267461821437,0.9715399146080017,0.004265962187521981,0.9557588401085118,0.0025129931471211567,0.9739384160616336,0.002185726952736529,0.9773324067714433,0.006964438925201749,0.9277736551567203,0.0022912584245204926,0.976237952709198,0.0027303649112582207,0.9716840982437134,,,,,,,,,,,,
2210,2025-11-18T17:25:43.892134,final_model_with_bardist.pt,361086,4.0,"(163065, 4)",50,10000,10000,0.021027998998761177,0.8118146657943726,0.0027035464094900875,0.9758052195272915,0.0210274551063776,0.8118195533752441,0.11182805150747299,-0.0007799863815307617,0.11182805150747299,-0.0007799863815307617,0.03182088277991908,0.7152261671538523,0.021027948707342148,0.8118151426315308,0.003637528715256808,0.9674467549660406,0.0029382503125816584,0.9737048149108887,0.00465339946926647,0.958355448156721,0.002775363309874792,0.9751625103313484,0.0023794623023234143,0.9787055373469032,0.008736990917314544,0.921810265030241,0.002881098072975874,0.9742162823677063,0.002937756245955825,0.973709225654602,,,,,,,,,,,,
2210,2025-11-18T17:26:57.564647,final_model_with_bardist.pt,361087,0.0,"(13932, 14)",50,10000,10000,0.0990285724401474,-1.2122797966003418,0.011044752625959778,0.7532622874942876,0.09898997098207474,-1.2114174365997314,0.05305944383144379,-0.18533802032470703,0.05305944383144379,-0.18533802032470703,0.07745632568836301,-0.7303598610732474,0.09900502115488052,-1.2117536067962646,0.021689656039732642,0.5154571317694597,0.02738725021481514,0.3881739377975464,0.03638398642183672,0.18718853327122165,0.022828465923330456,0.49001633149319246,0.005105513335518039,0.8859437848691825,0.02379012012993608,0.46853315598035494,0.008427906781435013,0.8117221593856812,0.03358801454305649,0.24965006113052368,,,,,,,,,,,,
2210,2025-11-18T17:28:09.172821,final_model_with_bardist.pt,361087,1.0,"(13932, 14)",50,10000,10000,0.09798938781023026,-1.1374778747558594,0.008045115909413777,0.8245089713730516,0.0979703739285469,-1.1370632648468018,0.05503525957465172,-0.20050406455993652,0.05503525957465172,-0.20050406455993652,0.07904728494547703,-0.7242870707452718,0.09797601401805878,-1.1371862888336182,0.009732398181472507,0.7877036717550405,0.01968870311975479,0.5705231428146362,0.07561696283779859,-0.649460211570521,0.012268351447717466,0.7323860042093872,0.009178362282956754,0.7997890575744064,0.04675401200404044,-0.019862206015577755,0.007630282547324896,0.8335579037666321,0.031148169189691544,0.320553719997406,,,,,,,,,,,,
2210,2025-11-18T17:29:16.250703,final_model_with_bardist.pt,361087,2.0,"(13932, 14)",50,10000,10000,0.09793894737958908,-1.26717209815979,0.01124892255082179,0.7396005712196274,0.09789695590734482,-1.266200065612793,0.05148590728640556,-0.19183862209320068,0.05148590728640556,-0.19183862209320068,0.07875095681636116,-0.8229927424818222,0.09791151434183121,-1.2665371894836426,0.01003136460511642,0.7677856166883172,0.03250068798661232,0.2476469874382019,0.08434474948928065,-0.9524825145167142,0.012033045080451247,0.7214490497839665,0.006479959132287604,0.8499965086483257,0.03262426418683756,0.24478635884893363,0.007351974491029978,0.829810380935669,0.050109051167964935,-0.15996599197387695,,,,,,,,,,,,
2210,2025-11-18T17:30:27.605978,final_model_with_bardist.pt,361087,3.0,"(13932, 14)",50,10000,10000,0.09743787348270416,-1.190842628479004,0.009109403697209239,0.7951795571833418,0.09740187972784042,-1.1900334358215332,0.05244295671582222,-0.17915403842926025,0.05244295671582222,-0.17915403842926025,0.07719967027130231,-0.7357964556025052,0.09741341322660446,-1.1902925968170166,0.014157954288343322,0.6816653907209227,0.01924004964530468,0.5673969388008118,0.016796809742030155,0.6223320292278014,0.013892547060180425,0.6876329411562734,0.011173063009551773,0.7487791968275688,0.023656861189988995,0.4680871607358662,0.020937936380505562,0.5292208194732666,0.029557717964053154,0.3354092836380005,,,,,,,,,,,,
2210,2025-11-18T17:31:36.006506,final_model_with_bardist.pt,361087,4.0,"(13932, 14)",50,10000,10000,0.0972207635641098,-1.2516975402832031,0.01108962944111471,0.7431568307114378,0.09713632613420486,-1.249741792678833,0.05173250287771225,-0.1981590986251831,0.05173250287771225,-0.1981590986251831,0.07759075613762195,-0.797053347878105,0.09716356545686722,-1.2503726482391357,0.009532716885995527,0.7792159575817553,0.018075594678521156,0.5813572406768799,0.014433612704561293,0.6657079615682324,0.02003302635084483,0.5360218296099291,0.005041187336648399,0.8832427594269561,0.024548029432195355,0.4314513652026777,0.008761263452470303,0.79708331823349,0.03136640414595604,0.27353328466415405,,,,,,,,,,,,
2210,2025-11-18T17:32:51.462562,final_model_with_bardist.pt,361088,0.0,"(21263, 80)",50,10000,10000,0.03829493001103401,0.7224980592727661,0.011740541811586977,0.9149228585351089,0.03875931352376938,0.7191329002380371,0.13803866505622864,-0.00028908252716064453,0.13803866505622864,-0.00028908252716064453,0.03961088660477709,0.7129620542811339,0.038327671587467194,0.7222607731819153,0.024366846380490102,0.8234270896663151,0.01525574829429388,0.8894501328468323,0.021113348313602776,0.8470033708750022,0.011373142623944437,0.9175851950066933,0.01944949136602877,0.8590604117831475,0.042388739738435405,0.6928325059337401,0.02022894285619259,0.8534121513366699,0.023138931021094322,0.8323251008987427,,,,,,,,,,,,
2210,2025-11-18T17:34:09.134834,final_model_with_bardist.pt,361088,1.0,"(21263, 80)",50,10000,10000,0.04126584529876709,0.7022511959075928,0.012345252885740305,0.9109242997962987,0.042258553206920624,0.6950884461402893,0.13862113654613495,-0.00020432472229003906,0.13862113654613495,-0.00020432472229003906,0.043339266531357584,0.6872906899254653,0.04132291302084923,0.7018394470214844,0.02544506427232696,0.8164041726999594,0.016913598403334618,0.8779619336128235,0.021234435029770113,0.8467854659428187,0.011833741033750293,0.9146150525739216,0.020034258004441342,0.8554452001652777,0.04106442681432801,0.7037045246618646,0.021307500079274178,0.846258282661438,0.025012854486703873,0.8195227384567261,,,,,,,,,,,,
2210,2025-11-18T17:35:26.424466,final_model_with_bardist.pt,361088,2.0,"(21263, 80)",50,10000,10000,0.041578542441129684,0.7009865045547485,0.012434600509946984,0.9105761550238005,0.04169497638940811,0.7001491785049438,0.1390853226184845,-0.00023686885833740234,0.1390853226184845,-0.00023686885833740234,0.04317785570816713,0.6894850082105043,0.04154841974377632,0.7012031078338623,0.026413991609314007,0.8100428969161954,0.016642889007925987,0.8803120851516724,0.02085651481129542,0.8500096769705517,0.011684087799017044,0.9159734922572065,0.020220251632711336,0.8545853848753013,0.03988296142376695,0.7131803505309489,0.022670075297355652,0.836967408657074,0.025139592587947845,0.8192077875137329,,,,,,,,,,,,
2210,2025-11-18T17:36:51.526387,final_model_with_bardist.pt,361088,3.0,"(21263, 80)",50,10000,10000,0.07230467349290848,0.6857897639274597,0.0210443751247294,0.9085486855284189,0.07223576307296753,0.6860892176628113,0.2301740199327469,-0.00025391578674316406,0.2301740199327469,-0.00025391578674316406,0.07336887341099799,0.6811651629014063,0.07222281396389008,0.686145544052124,0.04414225998221361,0.8081735534938288,0.029269028455018997,0.8728072643280029,0.03566118633390266,0.8450292609534865,0.020407914406834853,0.9113145157759793,0.033333461786482575,0.8551447178548028,0.06904152160456503,0.6999702834399688,0.03501712158322334,0.8478281497955322,0.04047344624996185,0.8241168856620789,,,,,,,,,,,,
2210,2025-11-18T17:38:10.002965,final_model_with_bardist.pt,361088,4.0,"(21263, 80)",50,10000,10000,0.06894021481275558,0.6990759372711182,0.020776990338081135,0.909308431378571,0.06981127709150314,0.695273756980896,0.22909677028656006,-7.510185241699219e-06,0.22909677028656006,-7.510185241699219e-06,0.07238229307449626,0.6840512705389107,0.06897684186697006,0.6989160776138306,0.04181152835048749,0.81749266708687,0.02760520577430725,0.8795032501220703,0.03531157958660902,0.8458649452543487,0.020113202574885445,0.9122058651500826,0.032997699628786535,0.8559650319156966,0.07635837621262344,0.6666956665318642,0.03342144936323166,0.85411536693573,0.038224346935749054,0.8331507444381714,,,,,,,,,,,,
2210,2025-11-18T17:38:42.948242,final_model_with_bardist.pt,361279,0.0,"(8885, 43)",50,10000,10000,1.8865831634684582e-06,0.0,0.0,1.0,2.906180952777504e-06,0.0,0.5555023550987244,0.0,0.5555023550987244,0.0,8.467951581786573e-08,0.0,2.3025481823424343e-06,0.0,0.010029601566345126,0.0,0.0,1.0,0.0,1.0,0.0,1.0,2.7329347994716267e-07,0.0,0.0,1.0,1.7284790487792634e-07,0.0,0.0007923991652205586,0.0,,,,,,,,,,,,
2210,2025-11-18T17:39:42.346828,final_model_with_bardist.pt,361280,0.0,"(4177, 8)",50,10000,10000,1.2915846525629604e-07,0.0,0.0,1.0,1.125499977661093e-07,0.0,0.022848479449748993,0.0,0.022848479449748993,0.0,8.306381773027725e-18,0.0,1.4120871583145345e-07,0.0,0.010081019890215067,0.0,0.0,1.0,0.0,1.0,0.0,1.0,2.3508899526354716e-07,0.0,1.5005087943066835e-08,0.0,1.3784491784463171e-05,0.0,0.002035839017480612,0.0,,,,,,,,,,,,
2210,2025-11-18T17:40:37.700060,final_model_with_bardist.pt,361281,0.0,"(5465575, 9)",50,10000,10000,0.1122584193944931,0.004386484622955322,0.1368516346046918,-0.21372919081702735,0.11223038285970688,0.004635214805603027,0.11285711824893951,-0.0009232759475708008,0.11285711824893951,-0.0009232759475708008,0.12097877962567523,-0.07295376284872068,0.11215301603078842,0.005321383476257324,0.12077341622521508,-0.07113240678977473,0.12852440774440765,-0.1398756504058838,0.15128926923437688,-0.3417757329501734,0.14846653955547215,-0.3167411075401909,0.10948582876428298,0.02897655014601519,0.1287240722792616,-0.1416463130855754,0.1114417240023613,0.011629760265350342,0.11467348784208298,-0.017032504081726074,,,,,,,,,,,,
2210,2025-11-18T17:41:35.873427,final_model_with_bardist.pt,361281,1.0,"(5465575, 9)",50,10000,10000,0.15508051216602325,0.008953511714935303,0.19141698801380247,-0.22325563573238316,0.1550607532262802,0.009079813957214355,0.15650954842567444,-0.0001786947250366211,0.15650954842567444,-0.0001786947250366211,0.17218214531682544,-0.10033483347941696,0.1550634503364563,0.009062588214874268,0.17451356254512976,-0.11523382072897692,0.17874114215373993,-0.14225029945373535,0.21219714372072054,-0.35605180415841153,0.20805336821053888,-0.32957089042846577,0.15326127614622384,0.020579512138771405,0.1673864108193537,-0.0696875575381326,0.15506704151630402,0.009039640426635742,0.15930253267288208,-0.018027424812316895,,,,,,,,,,,,
2210,2025-11-18T17:42:33.320543,final_model_with_bardist.pt,361281,2.0,"(5465575, 9)",50,10000,10000,0.1669095754623413,0.005082488059997559,0.20421405613251795,-0.21728276551758774,0.1668967455625534,0.005158960819244385,0.16776248812675476,-1.5497207641601562e-06,0.16776248812675476,-1.5497207641601562e-06,0.1832535785601261,-0.09234117927666063,0.16685064136981964,0.005433857440948486,0.18626295095638787,-0.11027949959784666,0.18990971148014069,-0.1320171356201172,0.22505100056595956,-0.3414879932342181,0.22002465767489585,-0.31152687943653046,0.16346935210468355,0.02558898845713864,0.17798722374673956,-0.06094939815814615,0.1665538102388382,0.007203161716461182,0.17005141079425812,-0.013645410537719727,,,,,,,,,,,,
2210,2025-11-18T17:43:29.737446,final_model_with_bardist.pt,361281,3.0,"(5465575, 9)",50,10000,10000,0.15703076124191284,0.005672812461853027,0.19297224110744832,-0.22191049778709915,0.15704920887947083,0.005555987358093262,0.15793471038341522,-5.1021575927734375e-05,0.15793471038341522,-5.1021575927734375e-05,0.1729363397449144,-0.09504210434871196,0.15712502598762512,0.005075931549072266,0.17549226828044348,-0.1112263798239479,0.1794481873512268,-0.1362755298614502,0.2138888698673738,-0.3543557039649008,0.2088565489986583,-0.3224907804793893,0.154335743995855,0.02273785757966984,0.17305152086105677,-0.09577143730434079,0.15540291368961334,0.015980422496795654,0.16053740680217743,-0.01653146743774414,,,,,,,,,,,,
2210,2025-11-18T17:44:23.316464,final_model_with_bardist.pt,361281,4.0,"(5465575, 9)",50,10000,10000,0.11739498376846313,0.005187571048736572,0.14263121878074053,-0.20866593955963197,0.1173936277627945,0.005199074745178223,0.11800981312990189,-2.2530555725097656e-05,0.11800981312990189,-2.2530555725097656e-05,0.1288789769072159,-0.09212857496859606,0.11743859946727753,0.004817962646484375,0.12892404069052418,-0.09251044830921562,0.13515350222587585,-0.14529919624328613,0.15832109690135832,-0.3416229558590207,0.15503854089441352,-0.313806369320627,0.11609341175143047,0.016217110176071192,0.13630683682932493,-0.1550727282081079,0.11675422638654709,0.010617375373840332,0.12191750854253769,-0.033136606216430664,,,,,,,,,,,,
summary,2025-11-18T17:44:23.317899,N/A,N/A,,N/A,N/A,N/A,N/A,0.03807815909385681,0.2646969258785248,0.016148588942946473,0.817458907935094,,,,,,,,,,,,,,,,,,,,,,,,,0.03320234641432762,0.3968833088874817,,,,,,,,,,,,
summary_model,2025-11-18T17:44:23.320496,,,,,,,,,,,,,,,,,,,,,,,,,,,,,,,,,,,,,,adaboost,mse,0.1194918949787269,0.03603168657360013,0.19790017471329058,0.06304530352994472,0.07980138600035716,0.16402573029245213,0.01918891414657189,0.050777300680799636,8.6,7.5
summary_model,2025-11-18T17:44:23.518724,,,,,,,,,,,,,,,,,,,,,,,,,,,,,,,,,,,,,,adaboost,r2,-7.697240384705003,0.4683101583581106,29.323263017987813,0.7442638871547417,-14.78011326886137,-1.9738364765566154,0.21830983965284684,0.5883280734931963,8.6,7.5
summary_model,2025-11-18T17:44:23.716593,,,,,,,,,,,,,,,,,,,,,,,,,,,,,,,,,,,,,,bayesridge,mse,2.044866594357317,0.03808346204459667,6.89851002413277,0.12522829533554614,0.6962853424950977,3.6834726773164808,0.021193860098719597,0.058051345869898796,10.05,9.0
summary_model,2025-11-18T17:44:23.913685,,,,,,,,,,,,,,,,,,,,,,,,,,,,,,,,,,,,,,bayesridge,r2,-29.600104975558462,0.23965197801589966,71.71072506322284,0.7445946037769318,-45.675008778753025,-14.96503719249297,0.009062588214874268,0.6271499991416931,10.05,9.0
summary_model,2025-11-18T17:44:24.112549,,,,,,,,,,,,,,,,,,,,,,,,,,,,,,,,,,,,,,dtr,mse,0.1439828030912131,0.03522936702039281,0.23978515523244848,0.13844660180034324,0.09578585204859229,0.19775243649691596,0.024957157677123844,0.052919001558363404,8.05,8.2
summary_model,2025-11-18T17:44:24.309728,,,,,,,,,,,,,,,,,,,,,,,,,,,,,,,,,,,,,,dtr,r2,-10.19359375544156,0.6044101014104306,38.39906905519978,1.1502497764686044,-19.44936101198043,-2.687658332836493,0.19759175621274816,0.7200597776442785,8.05,8.2
summary_model,2025-11-18T17:44:24.507358,,,,,,,,,,,,,,,,,,,,,,,,,,,,,,,,,,,,,,enet,mse,0.18359964258099162,0.14779743552207947,0.17409233361547014,0.15686834324151278,0.14862761292874296,0.22253536767747736,0.10525183007121086,0.19373346865177155,11.25,10.05
summary_model,2025-11-18T17:44:24.705000,,,,,,,,,,,,,,,,,,,,,,,,,,,,,,,,,,,,,,enet,r2,-7.98215094492549,-0.0004086494445800781,28.707726761138783,0.19869765639305115,-14.940628836162032,-2.35247815467772,-0.09910776317119595,-0.00021380186080932617,11.25,10.05
summary_model,2025-11-18T17:44:24.902950,,,,,,,,,,,,,,,,,,,,,,,,,,,,,,,,,,,,,,extratrees,mse,0.11566271204879275,0.01935136829812385,0.2188697679171704,0.09224400319050732,0.07218278409356506,0.16569110151459363,0.01552119501377365,0.02319909619139849,4.25,4.25
summary_model,2025-11-18T17:44:25.100494,,,,,,,,,,,,,,,,,,,,,,,,,,,,,,,,,,,,,,extratrees,r2,-9.32705166620659,0.7408296683777889,36.3723407323066,0.4923040349510506,-18.150690191162166,-2.1821633191774428,0.5358445804859268,0.8616540769595225,4.25,4.25
summary_model,2025-11-18T17:44:25.298210,,,,,,,,,,,,,,,,,,,,,,,,,,,,,,,,,,,,,,gbrt,mse,0.1144370075277545,0.022645645143466918,0.23546206969292086,0.07303618991030081,0.06685405538800468,0.16766455247383033,0.013930139934706518,0.028897023666519122,5.05,5.15
summary_model,2025-11-18T17:44:25.496145,,,,,,,,,,,,,,,,,,,,,,,,,,,,,,,,,,,,,,gbrt,r2,-10.443906249355098,0.7177400692440006,36.93262386123498,0.8345406056631142,-19.102244035900576,-3.4181994101349984,0.46646177632625546,0.7953904511600706,5.05,5.15
summary_model,2025-11-18T17:44:25.694319,,,,,,,,,,,,,,,,,,,,,,,,,,,,,,,,,,,,,,huber,mse,0.44653468533487906,0.03900636207210136,1.258852471337099,0.1455250115595117,0.20709053613767445,0.7311114918717656,0.029228046082620217,0.059500278635283024,10.05,10.8
summary_model,2025-11-18T17:44:25.892135,,,,,,,,,,,,,,,,,,,,,,,,,,,,,,,,,,,,,,huber,r2,-29.603951497072195,0.2069345786061611,87.03747838887459,0.7991217177486191,-48.93721233211633,-12.353917627458268,0.0,0.5448474214289982,10.05,10.8
summary_model,2025-11-18T17:44:26.091759,,,,,,,,,,,,,,,,,,,,,,,,,,,,,,,,,,,,,,knn,mse,0.11891021389358987,0.018657822161912918,0.24432655654204619,0.07843092642724514,0.07112857485086092,0.174471668682998,0.015255570411682129,0.028895693831145763,6.35,6.35
summary_model,2025-11-18T17:44:26.291086,,,,,,,,,,,,,,,,,,,,,,,,,,,,,,,,,,,,,,knn,r2,-9.344342774578504,0.714888334274292,39.65580980641382,0.7156483083963394,-19.140882526621933,-1.4497955300800858,0.4285929799079895,0.7812781929969788,6.35,6.35
summary_model,2025-11-18T17:44:26.492815,,,,,,,,,,,,,,,,,,,,,,,,,,,,,,,,,,,,,,lasso,mse,0.18359964258099162,0.14779743552207947,0.17409233361547014,0.15686834324151278,0.14862761292874296,0.22253536767747736,0.10525183007121086,0.19373346865177155,12.25,11.55
summary_model,2025-11-18T17:44:26.693059,,,,,,,,,,,,,,,,,,,,,,,,,,,,,,,,,,,,,,lasso,r2,-7.98215094492549,-0.0004086494445800781,28.707726761138783,0.19869765639305115,-14.940628836162032,-2.35247815467772,-0.09910776317119595,-0.00021380186080932617,12.25,11.55
summary_model,2025-11-18T17:44:26.891032,,,,,,,,,,,,,,,,,,,,,,,,,,,,,,,,,,,,,,lr,mse,0.815766984693093,0.03807815909385681,4.226336643697559,0.12391076888889074,0.23570442262160785,1.8239317037570297,0.021211780607700348,0.05454057455062866,9.285714285714286,9.857142857142858
summary_model,2025-11-18T17:44:27.088391,,,,,,,,,,,,,,,,,,,,,,,,,,,,,,,,,,,,,,lr,r2,-26.191608174758798,0.2646969258785248,71.18240959593233,0.744839072227478,-41.96782346998944,-11.923298919130792,0.16599291563034058,0.6389914751052856,9.285714285714286,9.857142857142858
summary_model,2025-11-18T17:44:27.286835,,,,,,,,,,,,,,,,,,,,,,,,,,,,,,,,,,,,,,mlp,mse,0.09063284133980905,0.02028267178684473,0.20546786066286968,0.045042895479127765,0.05079040976515735,0.13895087023554517,0.013061282224953175,0.025064820423722267,4.95,5.7
summary_model,2025-11-18T17:44:27.484660,,,,,,,,,,,,,,,,,,,,,,,,,,,,,,,,,,,,,,mlp,r2,-9.056752304236094,0.7606169581413269,35.74265303579468,0.8433650135993958,-17.641563005000354,-2.0540904475996906,0.4321138858795166,0.8118534982204437,4.95,5.7
summary_model,2025-11-18T17:44:27.683550,,,,,,,,,,,,,,,,,,,,,,,,,,,,,,,,,,,,,,pfn,mse,0.10168058790988439,0.03320234641432762,0.2105316075664415,0.0536869028583169,0.061488633054519355,0.1501855377052688,0.025012854486703873,0.04047344624996185,7.571428571428571,7.809523809523809
summary_model,2025-11-18T17:44:27.881930,,,,,,,,,,,,,,,,,,,,,,,,,,,,,,,,,,,,,,pfn,r2,-8.814086364297307,0.3968833088874817,37.04703493234877,0.7847488522529602,-17.870498543206384,-1.4775843091396728,0.320553719997406,0.5977851152420044,7.571428571428571,7.809523809523809
summary_model,2025-11-18T17:44:28.080508,,,,,,,,,,,,,,,,,,,,,,,,,,,,,,,,,,,,,,rf,mse,0.11548406368806852,0.016148588942946473,0.2221752833277705,0.10058837877272223,0.07153997036100374,0.16507106372089075,0.011543726897860544,0.020776990338081135,3.9523809523809526,4.0
summary_model,2025-11-18T17:44:28.276365,,,,,,,,,,,,,,,,,,,,,,,,,,,,,,,,,,,,,,rf,r2,-9.001580380715204,0.817458907935094,35.923210117793694,0.5424542668329866,-17.656105841499052,-1.949254713080879,0.5734817356854869,0.8718028381066022,3.9523809523809526,4.0
summary_model,2025-11-18T17:44:28.475249,,,,,,,,,,,,,,,,,,,,,,,,,,,,,,,,,,,,,,ridge,mse,1.8927600629744572,0.03818676993250847,6.439017423153504,0.12478539627045393,0.635355806125914,3.425705355488852,0.021555708721280098,0.053082045167684555,9.75,10.8
summary_model,2025-11-18T17:44:28.670668,,,,,,,,,,,,,,,,,,,,,,,,,,,,,,,,,,,,,,ridge,r2,-27.203745959060534,0.2394469976425171,67.30560262288107,0.7446067631244659,-42.41977570411705,-13.606117563144796,0.009079813957214355,0.6235475540161133,9.75,10.8
summary_model,2025-11-18T17:44:28.867767,,,,,,,,,,,,,,,,,,,,,,,,,,,,,,,,,,,,,,svr,mse,0.3632306060734158,0.02485503249038716,1.1219081359155159,0.07663954584855395,0.14471627334158405,0.6279794998595273,0.014423362576785738,0.03529730985730148,7.85,8.2
summary_model,2025-11-18T17:44:29.064963,,,,,,,,,,,,,,,,,,,,,,,,,,,,,,,,,,,,,,svr,r2,-7.08518741665104,0.4942825594186998,23.7877953539028,0.8238970612841403,-12.692098504224802,-2.5337346856528704,0.36016091479748236,0.730568327100568,7.85,8.2
