edge_prob,num_nodes,moral_density,dag_density
0.3835526704788208,14,0.5494505763053894,0.16483516991138458
0.5289442539215088,24,0.8442028760910034,0.24637681245803833
0.5778691172599792,47,0.9602220058441162,0.2886216342449188
0.548410177230835,43,0.9258028864860535,0.27242523431777954
0.5847365260124207,46,0.9449275135993958,0.2971014380455017
0.5847365260124207,46,0.9449275135993958,0.2971014380455017
0.055238012224435806,12,0.01515151560306549,0.007575757801532745
0.3199290931224823,22,0.6147186160087585,0.16450215876102448
0.5605452656745911,4,1.0,0.5
0.23306062817573547,42,0.5946573615074158,0.12311265617609024
0.6030876636505127,14,0.8681318759918213,0.2637362778186798
0.7396210432052612,8,0.8214285969734192,0.3392857015132904
0.5009992718696594,48,0.9184397459030151,0.23891843855381012
0.5009992718696594,48,0.9184397459030151,0.23891843855381012
0.599617600440979,51,0.9521568417549133,0.30274510383605957
0.3439231216907501,37,0.740240216255188,0.16141140460968018
0.4430188238620758,31,0.7763440608978271,0.19247311353683472
0.08292832970619202,5,0.10000000149011612,0.05000000074505806
0.39202794432640076,18,0.673202633857727,0.19607843458652496
0.11638002842664719,6,0.06666667014360428,0.03333333507180214
0.11638002842664719,6,0.06666667014360428,0.03333333507180214
0.11373715102672577,41,0.29024389386177063,0.06280487775802612
0.11373715102672577,41,0.29024389386177063,0.06280487775802612
0.5152592658996582,31,0.9290322661399841,0.2709677517414093
0.5152592658996582,31,0.9290322661399841,0.2709677517414093
0.26345622539520264,8,0.3571428656578064,0.1428571492433548
0.5218392014503479,37,0.8993993997573853,0.2732732594013214
0.5130429267883301,42,0.8989546895027161,0.2514517903327942
0.8479796051979065,29,0.982758641242981,0.4125615656375885
0.12954923510551453,18,0.1764705926179886,0.05882352963089943
0.8326837420463562,22,0.9783549904823303,0.4199134111404419
0.266648530960083,31,0.5247311592102051,0.1225806474685669
0.3500833511352539,38,0.7524893283843994,0.17638690769672394
0.1082710400223732,28,0.18783068656921387,0.0555555559694767
0.4746253490447998,29,0.8497536778450012,0.22290641069412231
0.39447495341300964,22,0.7792207598686218,0.2056277096271515
0.3006261885166168,17,0.5441176295280457,0.1507352888584137
0.39447495341300964,22,0.7792207598686218,0.2056277096271515
0.4380433261394501,24,0.8115941882133484,0.19927535951137543
0.24834495782852173,45,0.5757575631141663,0.11919192224740982
0.5931609869003296,44,0.9334037899971008,0.292283296585083
0.5931609869003296,44,0.9334037899971008,0.292283296585083
0.14894071221351624,32,0.3729838728904724,0.08366935700178146
0.47597819566726685,47,0.9084181189537048,0.24514338374137878
0.47597819566726685,47,0.9084181189537048,0.24514338374137878
0.43444159626960754,36,0.8603174686431885,0.21746031939983368
0.3602907061576843,43,0.7906976938247681,0.17220376431941986
0.3602907061576843,43,0.7906976938247681,0.17220376431941986
0.09111791104078293,44,0.19027483463287354,0.044926002621650696
0.29839053750038147,47,0.7289546728134155,0.14754857122898102
0.26227298378944397,25,0.43666666746139526,0.10499999672174454
0.7744887471199036,29,0.9704433679580688,0.3817734122276306
0.2214209884405136,33,0.501893937587738,0.11174242198467255
0.42559871077537537,42,0.8641114830970764,0.21022067964076996
0.3601330816745758,7,0.5714285969734192,0.2142857164144516
0.1648157685995102,4,0.3333333432674408,0.1666666716337204
0.14829474687576294,4,0.1666666716337204,0.0833333358168602
0.6657305359840393,45,0.9545454382896423,0.3333333432674408
0.41342952847480774,21,0.723809540271759,0.18095238506793976
0.6389747858047485,35,0.9546218514442444,0.32016807794570923
0.41342952847480774,21,0.723809540271759,0.18095238506793976
0.20582649111747742,36,0.46190476417541504,0.10476190596818924
0.37332120537757874,12,0.6060606241226196,0.20454545319080353
0.10947660356760025,31,0.1827957034111023,0.05161290243268013
0.48172175884246826,43,0.9235880374908447,0.24529346823692322
0.397264301776886,40,0.8064102530479431,0.1903846114873886
0.6048051714897156,6,0.46666666865348816,0.23333333432674408
0.6048051714897156,6,0.46666666865348816,0.23333333432674408
0.5028255581855774,16,0.7416666746139526,0.2750000059604645
0.22450023889541626,21,0.4000000059604645,0.1071428582072258
0.5028255581855774,16,0.7416666746139526,0.2750000059604645
0.4237179160118103,42,0.8745644688606262,0.21370498836040497
0.5382456183433533,41,0.9012194871902466,0.268902450799942
0.08651241660118103,44,0.16173361241817474,0.03964059054851532
0.0736103281378746,22,0.11255411058664322,0.03896103799343109
0.34265679121017456,15,0.5809524059295654,0.18571428954601288
0.4807074964046478,37,0.8978978991508484,0.23648647964000702
0.1711098849773407,15,0.3619047701358795,0.095238097012043
0.5110566020011902,51,0.9262745380401611,0.24941176176071167
0.5110566020011902,51,0.9262745380401611,0.24941176176071167
0.54099440574646,41,0.9756097793579102,0.27743902802467346
0.053303062915802,5,0.0,0.0
0.267418771982193,42,0.6689895391464233,0.14053426682949066
0.053303062915802,5,0.0,0.0
0.6401734948158264,10,0.8666666746139526,0.30000001192092896
0.1206609457731247,28,0.25132274627685547,0.06481481343507767
0.7861152291297913,15,0.9904761910438538,0.4333333373069763
0.38208407163619995,19,0.7777777910232544,0.2076023370027542
0.26497605443000793,36,0.5920634865760803,0.13253968954086304
0.15338769555091858,27,0.3760683834552765,0.09971509873867035
0.5979059934616089,48,0.960106372833252,0.3014184534549713
0.6911242604255676,19,0.9532163739204407,0.33625730872154236
0.6911242604255676,19,0.9532163739204407,0.33625730872154236
0.26736781001091003,48,0.6932623982429504,0.1316489428281784
0.4399767518043518,16,0.7250000238418579,0.23333333432674408
0.6122583746910095,50,0.9787755012512207,0.30040815472602844
0.6122583746910095,50,0.9787755012512207,0.30040815472602844
0.6122583746910095,50,0.9787755012512207,0.30040815472602844
0.7600154280662537,28,0.9550264477729797,0.3769841194152832
0.3557470440864563,10,0.4888888895511627,0.18888889253139496
0.14793601632118225,36,0.31904762983322144,0.07063492387533188
0.3557470440864563,10,0.4888888895511627,0.18888889253139496
0.3178151845932007,29,0.6354680061340332,0.14901477098464966
0.3178151845932007,29,0.6354680061340332,0.14901477098464966
0.42247405648231506,44,0.8794925808906555,0.2050739973783493
0.25558236241340637,31,0.5763440728187561,0.13548387587070465
0.42587143182754517,10,0.4888888895511627,0.1666666716337204
0.5186939835548401,31,0.9053763151168823,0.2709677517414093
0.6035124659538269,40,0.9307692050933838,0.2987179458141327
0.5186939835548401,31,0.9053763151168823,0.2709677517414093
0.5186939835548401,31,0.9053763151168823,0.2709677517414093
0.45438212156295776,41,0.8987804651260376,0.22804878652095795
0.45438212156295776,41,0.8987804651260376,0.22804878652095795
0.2238362580537796,49,0.6054421663284302,0.11692176759243011
0.7072563171386719,4,0.6666666865348816,0.3333333432674408
0.4124477803707123,29,0.802955687046051,0.217980295419693
0.127125084400177,44,0.2906976640224457,0.06289640814065933
0.21402151882648468,32,0.5080645084381104,0.11592742055654526
0.42845848202705383,33,0.8465909361839294,0.2026515156030655
0.3894108831882477,32,0.7137096524238586,0.17439515888690948
0.4372977018356323,8,0.5357142686843872,0.2142857164144516
0.4372977018356323,8,0.5357142686843872,0.2142857164144516
0.5889034271240234,12,0.8939393758773804,0.2954545319080353
0.4009026885032654,26,0.7107692360877991,0.20153845846652985
0.5752913951873779,39,0.9676113128662109,0.29082322120666504
0.516045331954956,45,0.9414141178131104,0.2525252401828766
0.44743961095809937,32,0.8830645084381104,0.2358870953321457
0.44743961095809937,32,0.8830645084381104,0.2358870953321457
0.03832192346453667,3,0.0,0.0
0.03832192346453667,3,0.0,0.0
0.8039684891700745,4,1.0,0.4166666567325592
0.3431088328361511,39,0.7759783864021301,0.17139001190662384
0.18321046233177185,4,0.0,0.0
0.7492340207099915,14,0.8791208863258362,0.36263737082481384
0.39334923028945923,25,0.79666668176651,0.19499999284744263
0.11783439666032791,35,0.24537815153598785,0.061344537883996964
0.1625560224056244,23,0.395256906747818,0.09683794528245926
0.1625560224056244,23,0.395256906747818,0.09683794528245926
0.7218877077102661,51,0.975686252117157,0.36588236689567566
0.7066531777381897,27,0.9487179517745972,0.3461538553237915
0.14864769577980042,47,0.3607770502567291,0.07400555163621902
0.20685794949531555,48,0.5221630930900574,0.09618794173002243
0.3406077027320862,12,0.5,0.13636364042758942
0.5424705147743225,13,0.7564102411270142,0.29487180709838867
0.222831591963768,4,0.3333333432674408,0.1666666716337204
0.7138853669166565,32,0.9455645084381104,0.3296371102333069
0.16134552657604218,26,0.3353846073150635,0.08769230544567108
0.5094078183174133,41,0.9182927012443542,0.24695122241973877
0.393025666475296,34,0.8074866533279419,0.19429589807987213
0.14573581516742706,40,0.3499999940395355,0.07500000298023224
0.13173381984233856,35,0.2537815272808075,0.059663865715265274
0.4901494085788727,49,0.896258533000946,0.24872449040412903
0.3886469304561615,45,0.8383838534355164,0.1858585923910141
0.3886469304561615,45,0.8383838534355164,0.1858585923910141
0.38597768545150757,11,0.581818163394928,0.17272727191448212
0.2705257833003998,19,0.42105263471603394,0.11695906519889832
0.2705257833003998,19,0.42105263471603394,0.11695906519889832
0.3443463444709778,36,0.7857142686843872,0.19365079700946808
0.1545272171497345,34,0.3529411852359772,0.0784313753247261
0.6415651440620422,13,0.9230769276618958,0.32692307233810425
0.08985590934753418,48,0.15336880087852478,0.039450354874134064
0.7268955707550049,28,0.9735449552536011,0.380952388048172
0.33407261967658997,50,0.795918345451355,0.1681632697582245
0.33407261967658997,50,0.795918345451355,0.1681632697582245
0.6952430009841919,22,0.9653679728507996,0.38528138399124146
0.6952430009841919,22,0.9653679728507996,0.38528138399124146
0.349834144115448,38,0.7610241770744324,0.18847794830799103
0.4053763747215271,35,0.8117647171020508,0.21008403599262238
0.3174365162849426,45,0.7181817889213562,0.16060605645179749
0.5714198350906372,36,0.9412698149681091,0.28333333134651184
0.16569319367408752,12,0.27272728085517883,0.10606060922145844
0.22784844040870667,13,0.25641027092933655,0.0833333358168602
0.4612012207508087,40,0.8730769157409668,0.23076923191547394
0.2308695912361145,23,0.3478260934352875,0.09683794528245926
0.21029604971408844,8,0.2857142984867096,0.1071428582072258
0.38842132687568665,12,0.7121211886405945,0.22727273404598236
0.38842132687568665,12,0.7121211886405945,0.22727273404598236
0.6909526586532593,38,0.9672830700874329,0.3485063910484314
0.6707527041435242,36,0.9809523820877075,0.3404761850833893
0.4099871814250946,49,0.875,0.20960883796215057
0.35645943880081177,26,0.6399999856948853,0.1553846150636673
0.4300815463066101,24,0.7971014380455017,0.22282609343528748
0.8878480792045593,19,0.9766082167625427,0.4327485263347626
0.31936222314834595,44,0.7494714856147766,0.15697674453258514
0.49142956733703613,18,0.9411764740943909,0.2549019753932953
0.36595696210861206,33,0.7310606241226196,0.1875
0.3653758466243744,44,0.8435518145561218,0.16860465705394745
0.2558719515800476,46,0.6367149949073792,0.12077295035123825
0.3159792721271515,38,0.7169274687767029,0.1557610183954239
0.2558719515800476,46,0.6367149949073792,0.12077295035123825
0.19431889057159424,37,0.4669669568538666,0.10135135054588318
0.08829185366630554,38,0.14935988187789917,0.039829302579164505
0.8557261824607849,11,1.0,0.4727272689342499
0.4378243088722229,34,0.8787878751754761,0.23618538677692413
0.4378243088722229,34,0.8787878751754761,0.23618538677692413
0.46806061267852783,28,0.8730158805847168,0.23677249252796173
0.46806061267852783,28,0.8730158805847168,0.23677249252796173
0.46806061267852783,28,0.8730158805847168,0.23677249252796173
0.2409505397081375,12,0.3181818127632141,0.09848485141992569
0.2409505397081375,12,0.3181818127632141,0.09848485141992569
0.5117807388305664,50,0.9763265252113342,0.2661224603652954
0.14022520184516907,25,0.28999999165534973,0.07666666805744171
0.024432940408587456,38,0.02844950184226036,0.010668563656508923
0.2739097774028778,42,0.657375156879425,0.1295005828142166
0.40515074133872986,15,0.5904762148857117,0.18095238506793976
0.02437400259077549,24,0.007246376946568489,0.0036231884732842445
0.6059462428092957,32,0.9334677457809448,0.30443549156188965
0.46164044737815857,32,0.7983871102333069,0.2358870953321457
0.3357059061527252,44,0.7547568678855896,0.1812896430492401
0.3357059061527252,44,0.7547568678855896,0.1812896430492401
0.2911115288734436,27,0.5726495981216431,0.13532763719558716
0.2735791802406311,9,0.2777777910232544,0.125
0.2735791802406311,9,0.2777777910232544,0.125
0.11597266793251038,38,0.2432432472705841,0.0611664280295372
0.20867210626602173,24,0.41304346919059753,0.10144927352666855
0.46168577671051025,46,0.905314028263092,0.2246376872062683
0.21023529767990112,11,0.2181818187236786,0.08181817829608917
0.5459202527999878,18,0.7320261597633362,0.26143792271614075
0.08426240086555481,11,0.12727272510528564,0.05454545468091965
0.08426240086555481,11,0.12727272510528564,0.05454545468091965
0.46305760741233826,27,0.7977207899093628,0.2222222238779068
0.1748444139957428,22,0.3419913351535797,0.10606060922145844
0.5180402994155884,39,0.8731443881988525,0.2523616850376129
0.6454373598098755,43,0.9856035709381104,0.33167219161987305
0.3155781030654907,42,0.7549360990524292,0.1515679508447647
0.3155781030654907,42,0.7549360990524292,0.1515679508447647
0.5404959321022034,9,0.9444444179534912,0.3055555522441864
0.481107622385025,8,0.6071428656578064,0.2321428507566452
0.481107622385025,8,0.6071428656578064,0.2321428507566452
0.4388428330421448,19,0.7836257219314575,0.21052631735801697
0.1739097386598587,49,0.47874149680137634,0.09013605117797852
0.30958041548728943,27,0.8062677979469299,0.1794871836900711
0.2983067035675049,51,0.7458823323249817,0.147843137383461
0.28920912742614746,11,0.3272727131843567,0.145454540848732
0.3868029713630676,34,0.6916220784187317,0.177361860871315
0.18347246944904327,41,0.43536585569381714,0.08841463178396225
0.3067324757575989,32,0.6754032373428345,0.1582661271095276
0.8141303658485413,33,0.9848484992980957,0.4024621248245239
0.19921937584877014,51,0.49490195512771606,0.09843137115240097
0.13703741133213043,50,0.3493877649307251,0.07265306264162064
0.2665719985961914,28,0.6058201193809509,0.1547619104385376
0.6997743248939514,43,0.970099687576294,0.3444075286388397
0.6629144549369812,17,0.904411792755127,0.30514705181121826
0.22850531339645386,45,0.6020202040672302,0.12070707231760025
0.22850531339645386,45,0.6020202040672302,0.12070707231760025
0.08220590651035309,16,0.09166666865348816,0.03750000149011612
0.21991968154907227,28,0.5026454925537109,0.10978835821151733
0.21991968154907227,28,0.5026454925537109,0.10978835821151733
0.3445473611354828,38,0.8065434098243713,0.17780938744544983
0.7399376630783081,41,0.9780488014221191,0.36097562313079834
0.41634702682495117,30,0.8160919547080994,0.21724137663841248
0.21317026019096375,38,0.48506399989128113,0.100995734333992
0.37629473209381104,19,0.6491228342056274,0.19298245012760162
0.14180999994277954,48,0.3501773178577423,0.06693262606859207
0.101169653236866,40,0.19487179815769196,0.04743589833378792
0.17374882102012634,28,0.3941798806190491,0.09788359701633453
0.6774070262908936,16,0.925000011920929,0.34166666865348816
0.27840474247932434,46,0.6000000238418579,0.1246376782655716
0.74073725938797,26,0.9692307710647583,0.36769232153892517
0.3282011151313782,41,0.7182926535606384,0.1609756052494049
0.33360931277275085,19,0.6900584697723389,0.1871345043182373
0.20424145460128784,21,0.5523809790611267,0.12857143580913544
0.6297585368156433,7,0.8095238208770752,0.380952388048172
0.17651282250881195,8,0.2142857164144516,0.0892857164144516
0.8964293003082275,40,0.9974358677864075,0.44487178325653076
0.4989004135131836,14,0.7362637519836426,0.23076923191547394
0.7125306725502014,44,0.985200822353363,0.37367865443229675
0.38445982336997986,18,0.5555555820465088,0.1666666716337204
0.2086975872516632,31,0.49892473220825195,0.11720430105924606
0.2655431926250458,8,0.3928571343421936,0.1607142835855484
0.7085320949554443,51,0.9764705896377563,0.36039215326309204
0.504234790802002,3,0.3333333432674408,0.1666666716337204
0.504234790802002,3,0.3333333432674408,0.1666666716337204
0.17910632491111755,17,0.14705882966518402,0.05147058889269829
0.46416670083999634,31,0.8688172101974487,0.24731183052062988
0.4094026982784271,28,0.7513227462768555,0.1984127014875412
0.4607553482055664,25,0.7933333516120911,0.23999999463558197
0.5367430448532104,32,0.9415322542190552,0.2822580635547638
0.7652875781059265,6,0.800000011920929,0.36666667461395264
0.3204662501811981,36,0.7253968119621277,0.15952381491661072
0.5853729248046875,12,0.8181818127632141,0.2651515007019043
0.5747877955436707,35,0.9478991627693176,0.2689075767993927
0.5710594654083252,22,0.887445867061615,0.2792207896709442
0.5275969505310059,33,0.9299242496490479,0.25662878155708313
0.1638123244047165,32,0.25604838132858276,0.06451612710952759
0.48940661549568176,9,0.6944444179534912,0.2638888955116272
0.4237060844898224,34,0.8342245817184448,0.22281639277935028
0.37533971667289734,30,0.7241379022598267,0.18735632300376892
0.7651230096817017,19,0.9590643048286438,0.3888888955116272
0.4238680303096771,12,0.6060606241226196,0.21212121844291687
0.4238680303096771,12,0.6060606241226196,0.21212121844291687
0.4417411684989929,11,0.8363636136054993,0.2545454502105713
0.2374628782272339,31,0.5483871102333069,0.11720430105924606
0.16737744212150574,45,0.3656565546989441,0.07727272808551788
0.5861980319023132,23,0.8260869383811951,0.25296443700790405
0.6246630549430847,6,0.6000000238418579,0.2666666805744171
0.8090130090713501,38,0.9857752323150635,0.414651483297348
0.2152959108352661,48,0.597517728805542,0.10948581248521805
0.2152959108352661,48,0.597517728805542,0.10948581248521805
0.5250270962715149,21,0.9047619104385376,0.24047619104385376
0.3005499839782715,15,0.6380952596664429,0.17142857611179352
0.3239905536174774,33,0.6969696879386902,0.15530303120613098
0.5405848026275635,30,0.9356321692466736,0.28735631704330444
0.4634682238101959,29,0.8472906351089478,0.23152709007263184
0.4138649106025696,23,0.739130437374115,0.20948617160320282
0.30702298879623413,40,0.7679487466812134,0.16346153616905212
0.30702298879623413,40,0.7679487466812134,0.16346153616905212
0.4046365022659302,14,0.692307710647583,0.19780220091342926
0.15599234402179718,20,0.28421053290367126,0.08157894760370255
0.12419074773788452,29,0.24876847863197327,0.06403940916061401
0.12419074773788452,29,0.24876847863197327,0.06403940916061401
0.21599389612674713,40,0.5294871926307678,0.10833333432674408
0.06930845975875854,19,0.046783626079559326,0.020467836409807205
0.57945716381073,40,0.9307692050933838,0.28333333134651184
0.57945716381073,40,0.9307692050933838,0.28333333134651184
0.5076538920402527,16,0.824999988079071,0.24166665971279144
0.2807621955871582,3,0.3333333432674408,0.1666666716337204
0.0567767471075058,33,0.07954545319080353,0.029356060549616814
0.6680868268013,36,0.9730158448219299,0.3444444537162781
0.5726203918457031,50,0.9567347168922424,0.293061226606369
0.48690265417099,28,0.8941798806190491,0.25132274627685547
0.4990006685256958,38,0.8790895938873291,0.25177809596061707
0.6185083985328674,39,0.9527665376663208,0.3083670735359192
0.7899215817451477,5,1.0,0.4000000059604645
0.30878281593322754,36,0.776190459728241,0.1666666716337204
0.48975810408592224,27,0.8461538553237915,0.23646724224090576
0.4083198308944702,21,0.7333333492279053,0.19285714626312256
0.3895288109779358,21,0.8095238208770752,0.21666666865348816
0.40238451957702637,35,0.8739495873451233,0.1974789947271347
0.40238451957702637,35,0.8739495873451233,0.1974789947271347
0.155520960688591,48,0.35638296604156494,0.06737588346004486
0.7299596667289734,36,0.9825396537780762,0.369047611951828
0.36608830094337463,6,0.46666666865348816,0.20000000298023224
0.6193384528160095,30,0.9379310607910156,0.3103448152542114
0.6193384528160095,30,0.9379310607910156,0.3103448152542114
0.47616586089134216,15,0.6761904954910278,0.18095238506793976
0.4095947742462158,9,0.5555555820465088,0.1944444477558136
0.46814942359924316,17,0.8235294222831726,0.24632352590560913
0.46814942359924316,17,0.8235294222831726,0.24632352590560913
0.32705408334732056,43,0.7253599166870117,0.14008858799934387
0.2025151550769806,15,0.4571428596973419,0.1428571492433548
0.20940735936164856,4,0.0,0.0
0.36614498496055603,18,0.6274510025978088,0.16339869797229767
0.8683240413665771,44,0.9873149991035461,0.4318181872367859
0.8683240413665771,44,0.9873149991035461,0.4318181872367859
0.30622488260269165,51,0.8023529648780823,0.1599999964237213
0.6193017959594727,39,0.9635627269744873,0.3238866329193115
0.20297692716121674,25,0.3799999952316284,0.09333333373069763
0.6193017959594727,39,0.9635627269744873,0.3238866329193115
0.4543755352497101,39,0.8690958023071289,0.22267206013202667
0.2626662254333496,8,0.2857142984867096,0.0892857164144516
0.7120261192321777,38,0.9743954539299011,0.36344239115715027
0.7275046706199646,20,0.9842105507850647,0.38684210181236267
0.23515571653842926,17,0.3897058963775635,0.0992647036910057
0.4964984059333801,26,0.8615384697914124,0.26769229769706726
0.5042680501937866,8,0.6428571343421936,0.2142857164144516
0.09060976654291153,19,0.2222222238779068,0.061403509229421616
0.09060976654291153,19,0.2222222238779068,0.061403509229421616
0.5698642134666443,26,0.926153838634491,0.26153847575187683
0.34828320145606995,19,0.6374269127845764,0.19590643048286438
0.1945727914571762,9,0.1944444477558136,0.0694444477558136
0.35914474725723267,34,0.6898396015167236,0.16577540338039398
0.21210668981075287,41,0.5890243649482727,0.10426829010248184
0.748553991317749,49,0.9838435649871826,0.37372449040412903
0.3286074697971344,11,0.4545454680919647,0.13636364042758942
0.11753344535827637,20,0.12105263024568558,0.05000000074505806
0.5431907773017883,24,0.8985507488250732,0.28804346919059753
0.5065152645111084,37,0.9219219088554382,0.2522522509098053
0.21438324451446533,37,0.45945945382118225,0.09684684872627258
0.6452000737190247,18,0.9019607901573181,0.3137255012989044
0.15534432232379913,18,0.2875817120075226,0.09150326997041702
0.20884065330028534,8,0.1785714328289032,0.0892857164144516
0.20884065330028534,8,0.1785714328289032,0.0892857164144516
0.23707549273967743,43,0.594684362411499,0.11627907305955887
0.3574315905570984,36,0.800000011920929,0.17698413133621216
0.3068474233150482,43,0.713178277015686,0.1467331051826477
0.27585241198539734,25,0.5666666626930237,0.1316666603088379
0.33346864581108093,40,0.7679487466812134,0.17499999701976776
0.47688987851142883,7,0.7142857313156128,0.261904776096344
0.5281180739402771,5,0.699999988079071,0.30000001192092896
0.4288972020149231,16,0.6833333373069763,0.21250000596046448
0.1509837806224823,21,0.23333333432674408,0.06904762238264084
0.5281180739402771,5,0.699999988079071,0.30000001192092896
0.41524237394332886,40,0.8948717713356018,0.21217948198318481
0.43445199728012085,29,0.8645319938659668,0.2339901477098465
0.3065405488014221,49,0.7670068144798279,0.16028910875320435
0.28682374954223633,18,0.6143791079521179,0.17320261895656586
0.5436577796936035,3,0.3333333432674408,0.1666666716337204
0.2611217498779297,15,0.4000000059604645,0.11428571492433548
0.43703508377075195,8,0.5714285969734192,0.2321428507566452
0.628564178943634,11,0.8727272748947144,0.30000001192092896
0.7279022932052612,23,0.9604743123054504,0.3636363744735718
0.3031562864780426,27,0.5868945717811584,0.14814814925193787
0.2643265724182129,5,0.6000000238418579,0.25
0.5650646090507507,36,0.9142857193946838,0.26349207758903503
0.4347597062587738,48,0.8847517967224121,0.21099290251731873
0.4347597062587738,48,0.8847517967224121,0.21099290251731873
0.40267083048820496,20,0.8631578683853149,0.25
0.6078996062278748,40,0.9538461565971375,0.30705127120018005
0.27563437819480896,38,0.6571835279464722,0.13229018449783325
0.27563437819480896,38,0.6571835279464722,0.13229018449783325
0.5403634905815125,11,0.800000011920929,0.3272727131843567
0.6207459568977356,23,0.9328063130378723,0.34584981203079224
0.7133603692054749,30,0.9793103337287903,0.36321839690208435
0.6033092141151428,35,0.9529411792755127,0.30588236451148987
0.3067114055156708,49,0.7397959232330322,0.15263605117797852
0.13302110135555267,14,0.1538461595773697,0.06593406945466995
0.4781635105609894,20,0.7947368621826172,0.25
0.4781635105609894,20,0.7947368621826172,0.25
0.8049450516700745,13,0.9230769276618958,0.3910256326198578
0.3749658167362213,21,0.8190476298332214,0.18333333730697632
0.47130417823791504,51,0.9035294055938721,0.21960784494876862
0.47130417823791504,51,0.9035294055938721,0.21960784494876862
0.3835335671901703,8,0.4285714328289032,0.1785714328289032
0.15333786606788635,18,0.41830065846443176,0.1111111119389534
0.26627489924430847,41,0.6243902444839478,0.125
0.26627489924430847,41,0.6243902444839478,0.125
0.17886437475681305,30,0.32413792610168457,0.0873563215136528
0.6311240196228027,20,0.942105233669281,0.3078947365283966
0.7191932797431946,12,0.9848484992980957,0.4166666567325592
0.21235796809196472,4,0.8333333134651184,0.3333333432674408
0.41297319531440735,4,0.5,0.25
0.6918087601661682,15,0.9809523820877075,0.4000000059604645
0.4057662785053253,38,0.8093883395195007,0.19630156457424164
0.7215185761451721,25,0.9733333587646484,0.3799999952316284
0.4769652783870697,40,0.8948717713356018,0.2480769157409668
0.7915244102478027,33,0.9678030014038086,0.39393940567970276
0.8944605588912964,15,1.0,0.4285714328289032
0.3587568998336792,34,0.832442045211792,0.19875222444534302
0.2701912224292755,14,0.4175824224948883,0.13736264407634735
0.126861110329628,41,0.2951219379901886,0.059756096452474594
0.4875658452510834,16,0.7083333134651184,0.24166665971279144
0.34879839420318604,51,0.8250980377197266,0.1854901909828186
0.34879839420318604,51,0.8250980377197266,0.1854901909828186
0.2863749861717224,27,0.5726495981216431,0.14102564752101898
0.5384823679924011,41,0.8987804651260376,0.28109756112098694
0.4463655352592468,50,0.9461224675178528,0.22244897484779358
0.5250431299209595,13,0.9487179517745972,0.2756410241127014
0.7771472930908203,40,0.9846153855323792,0.3916666805744171
0.588451623916626,30,0.8873563408851624,0.2885057330131531
0.5720949172973633,45,0.960606038570404,0.29595959186553955
0.22518296539783478,48,0.582446813583374,0.10859929025173187
0.3719259798526764,15,0.43809524178504944,0.14761905372142792
0.7149717211723328,24,0.9384058117866516,0.3605072498321533
0.6021157503128052,34,0.926916241645813,0.31016042828559875
0.7149717211723328,24,0.9384058117866516,0.3605072498321533
0.16353891789913177,11,0.20000000298023224,0.06363636255264282
0.5375301241874695,46,0.9285024404525757,0.27632850408554077
0.21468548476696014,45,0.5575757622718811,0.1090909093618393
0.525056004524231,42,0.941927969455719,0.265389084815979
0.23042646050453186,4,0.1666666716337204,0.0833333358168602
0.4886475205421448,35,0.8739495873451233,0.24117647111415863
0.6144282817840576,44,0.9767441749572754,0.31025370955467224
0.6144282817840576,44,0.9767441749572754,0.31025370955467224
0.20878973603248596,33,0.49810606241226196,0.1041666641831398
0.2507006525993347,16,0.4416666626930237,0.125
0.51469886302948,44,0.9450317025184631,0.2568710446357727
0.28060758113861084,16,0.5,0.16249999403953552
0.28060758113861084,16,0.5,0.16249999403953552
0.5577611327171326,39,0.9392712712287903,0.28070175647735596
0.5473736524581909,29,0.8866994976997375,0.2623152732849121
0.1594173163175583,31,0.26236557960510254,0.06666667014360428
0.11007929593324661,37,0.19369369745254517,0.0533033050596714
0.28934845328330994,43,0.7032115459442139,0.14894795417785645
0.24974720180034637,12,0.3484848439693451,0.12878787517547607
0.23588328063488007,14,0.3186813294887543,0.10989011079072952
0.45225605368614197,33,0.9090909361839294,0.22064393758773804
0.5289568305015564,31,0.9053763151168823,0.2688172161579132
0.06554613262414932,26,0.05230769142508507,0.02153846062719822
0.06554613262414932,26,0.05230769142508507,0.02153846062719822
0.3312421143054962,33,0.7348484992980957,0.17897726595401764
0.2730873227119446,7,0.2380952388048172,0.1190476194024086
0.21789906919002533,46,0.5690821409225464,0.11014492809772491
0.21789906919002533,46,0.5690821409225464,0.11014492809772491
0.21789906919002533,46,0.5690821409225464,0.11014492809772491
0.45519009232521057,5,0.699999988079071,0.3499999940395355
0.1491539478302002,37,0.3033033013343811,0.07282282412052155
0.1135813295841217,36,0.18730159103870392,0.05000000074505806
0.1135813295841217,36,0.18730159103870392,0.05000000074505806
0.25861984491348267,8,0.5,0.1607142835855484
0.25861984491348267,8,0.5,0.1607142835855484
0.2954554259777069,42,0.7398374080657959,0.14692218601703644
0.6812224388122559,31,0.9698925018310547,0.35268816351890564
0.27454090118408203,36,0.6126984357833862,0.12777778506278992
0.6349872350692749,40,0.9576923251152039,0.32307693362236023
0.24340113997459412,13,0.6025640964508057,0.17307692766189575
0.6253255605697632,47,0.9296947121620178,0.3052729070186615
0.6253255605697632,47,0.9296947121620178,0.3052729070186615
0.6398587822914124,31,0.9354838728904724,0.3215053677558899
0.08616721630096436,34,0.17112299799919128,0.048128340393304825
0.6729433536529541,26,0.9169231057167053,0.3369230628013611
0.4874744713306427,39,0.931174099445343,0.2510121464729309
0.1870085597038269,32,0.3568548262119293,0.08870967477560043
0.22436697781085968,21,0.32380953431129456,0.09285714477300644
0.4186992347240448,23,0.7233201861381531,0.197628453373909
0.14601516723632812,27,0.27635326981544495,0.07977207750082016
0.14601516723632812,27,0.27635326981544495,0.07977207750082016
0.15196223556995392,6,0.06666667014360428,0.03333333507180214
0.2313312441110611,39,0.5047233700752258,0.11201079934835434
0.022593436762690544,25,0.029999999329447746,0.011666666716337204
0.44034644961357117,8,0.5714285969734192,0.2321428507566452
0.4265064299106598,49,0.8937074542045593,0.21513605117797852
0.42182356119155884,4,0.5,0.1666666716337204
0.4265064299106598,49,0.8937074542045593,0.21513605117797852
0.42182356119155884,4,0.5,0.1666666716337204
0.19698667526245117,20,0.34736841917037964,0.11052631586790085
0.24475741386413574,36,0.5555555820465088,0.12063492089509964
0.17306317389011383,19,0.3274853825569153,0.09649122506380081
0.24475741386413574,36,0.5555555820465088,0.12063492089509964
0.6518640518188477,27,0.9686609506607056,0.3290598392486572
0.16538448631763458,47,0.40240517258644104,0.0814061090350151
0.16538448631763458,47,0.40240517258644104,0.0814061090350151
0.6731477975845337,36,0.9793650507926941,0.3452380895614624
0.5310066938400269,17,0.7941176295280457,0.25735294818878174
0.7800694108009338,15,0.9238095283508301,0.37142857909202576
0.20688241720199585,30,0.5034482479095459,0.1149425283074379
0.49664899706840515,23,0.8063241243362427,0.24703557789325714
0.21251079440116882,7,0.190476194024086,0.095238097012043
0.5479241609573364,46,0.9342995285987854,0.2676328420639038
0.2738533616065979,6,0.46666666865348816,0.13333334028720856
0.30477288365364075,40,0.7423076629638672,0.16153846681118011
0.34103918075561523,37,0.7357357144355774,0.17717717587947845
0.30477288365364075,40,0.7423076629638672,0.16153846681118011
0.2637399137020111,30,0.6298850774765015,0.14367815852165222
0.4709137976169586,49,0.8724489808082581,0.23894557356834412
0.3962881863117218,17,0.7426470518112183,0.20588235557079315
0.16380025446414948,46,0.41545894742012024,0.08357487618923187
0.3850139081478119,5,0.699999988079071,0.25
0.3850139081478119,5,0.699999988079071,0.25
0.44802266359329224,28,0.8042327761650085,0.21957671642303467
0.014038994908332825,26,0.02461538463830948,0.01076923031359911
0.4614553153514862,5,0.699999988079071,0.25
0.4614553153514862,5,0.699999988079071,0.25
0.9057676792144775,36,0.9968253970146179,0.45396825671195984
0.14411890506744385,27,0.34188035130500793,0.08547008782625198
0.1444503217935562,27,0.4729344844818115,0.09829059988260269
0.1444503217935562,27,0.4729344844818115,0.09829059988260269
0.14834372699260712,18,0.24836601316928864,0.08496732264757156
0.6514275670051575,7,0.6666666865348816,0.2142857164144516
0.2682732045650482,25,0.596666693687439,0.15000000596046448
0.6763065457344055,46,0.9652174115180969,0.33719807863235474
0.04598049446940422,25,0.0533333346247673,0.023333333432674408
0.6483222246170044,25,0.9733333587646484,0.34166666865348816
0.4799516201019287,40,0.8987179398536682,0.24935896694660187
0.47503504157066345,43,0.9280177354812622,0.23920266330242157
0.6047912240028381,28,0.9391534328460693,0.3055555522441864
0.7764685750007629,36,0.9777777791023254,0.3841269910335541
0.39954841136932373,46,0.8975845575332642,0.2096618413925171
0.19747129082679749,45,0.5070707201957703,0.09898989647626877
0.30777350068092346,6,0.13333334028720856,0.06666667014360428
0.09213220328092575,22,0.15584415197372437,0.043290045112371445
0.5118361115455627,24,0.8188405632972717,0.24637681245803833
0.5118361115455627,24,0.8188405632972717,0.24637681245803833
0.40221846103668213,36,0.8873015642166138,0.20952381193637848
0.3992188274860382,26,0.763076901435852,0.21076923608779907
0.3458433151245117,25,0.6633333563804626,0.17166666686534882
0.48499366641044617,46,0.9120773077011108,0.24396134912967682
0.6635128259658813,10,0.8888888955116272,0.35555556416511536
0.6635128259658813,10,0.8888888955116272,0.35555556416511536
0.591677188873291,23,0.9011857509613037,0.3023715317249298
0.7439364194869995,18,0.9738562107086182,0.343137264251709
0.598124623298645,24,0.8695651888847351,0.26811593770980835
0.44161710143089294,29,0.866995096206665,0.23891626298427582
0.6077613830566406,14,0.8681318759918213,0.2967033088207245
0.4195925295352936,47,0.8612396121025085,0.2072155475616455
0.6562101244926453,37,0.966966986656189,0.3220720589160919
0.2761092185974121,41,0.6548780202865601,0.13475610315799713
0.2768400311470032,31,0.6688172221183777,0.13118278980255127
0.7047728300094604,25,0.9300000071525574,0.3566666543483734
0.32010483741760254,39,0.7071524858474731,0.1545209139585495
0.4825441539287567,51,0.9129411578178406,0.2450980395078659
0.3303416073322296,9,0.6111111044883728,0.1944444477558136
0.3303416073322296,9,0.6111111044883728,0.1944444477558136
0.3677597939968109,39,0.8043184876441956,0.18151147663593292
0.4089539647102356,43,0.8449612259864807,0.1943521648645401
0.5795651078224182,45,0.9414141178131104,0.2757575809955597
0.18542081117630005,50,0.4840816259384155,0.09428571164608002
0.5209603309631348,17,0.8676470518112183,0.25
0.13439416885375977,19,0.1812865436077118,0.06725145876407623
0.731764554977417,18,0.9346405267715454,0.3464052379131317
0.6898993849754333,41,0.9756097793579102,0.3457317054271698
0.731764554977417,18,0.9346405267715454,0.3464052379131317
0.5144659876823425,23,0.8379446864128113,0.24308300018310547
0.20012694597244263,39,0.4534412920475006,0.09851551800966263
0.20012694597244263,39,0.4534412920475006,0.09851551800966263
0.7969840168952942,42,0.9907084703445435,0.3983739912509918
0.035604242235422134,7,0.0,0.0
0.45589521527290344,39,0.9082320928573608,0.22064776718616486
0.45589521527290344,39,0.9082320928573608,0.22064776718616486
0.7219205498695374,36,0.9555555582046509,0.35952380299568176
0.7200865745544434,25,0.9599999785423279,0.3683333396911621
0.24393896758556366,3,1.0,0.3333333432674408
0.3635859787464142,38,0.7809388041496277,0.18136557936668396
0.3635859787464142,38,0.7809388041496277,0.18136557936668396
0.17155063152313232,10,0.20000000298023224,0.08888889104127884
0.17155063152313232,10,0.20000000298023224,0.08888889104127884
0.13288654386997223,13,0.21794871985912323,0.07051282376050949
0.29093971848487854,13,0.3589743673801422,0.10897435992956161
0.7324674725532532,41,0.9707317352294922,0.3634146451950073
0.35881462693214417,37,0.8138138055801392,0.1854354292154312
0.12002392113208771,10,0.24444444477558136,0.08888889104127884
0.688670814037323,3,1.0,0.5
0.283694326877594,36,0.5904762148857117,0.130952388048172
0.283694326877594,36,0.5904762148857117,0.130952388048172
0.33101654052734375,49,0.7721088528633118,0.16326530277729034
0.33101654052734375,49,0.7721088528633118,0.16326530277729034
0.10970883816480637,38,0.2034139335155487,0.050497867166996
0.10970883816480637,38,0.2034139335155487,0.050497867166996
0.4419366121292114,11,0.7636363506317139,0.27272728085517883
0.714301586151123,24,0.9202898740768433,0.3659420311450958
0.714301586151123,24,0.9202898740768433,0.3659420311450958
0.4196125268936157,37,0.7867867946624756,0.20720720291137695
0.11513510346412659,22,0.16883116960525513,0.051948051899671555
0.11513510346412659,22,0.16883116960525513,0.051948051899671555
0.5458383560180664,23,0.9011857509613037,0.2806324064731598
0.4705985486507416,14,0.6593406796455383,0.24175824224948883
0.14780889451503754,25,0.25999999046325684,0.07500000298023224
0.5982434153556824,32,0.9637096524238586,0.30443549156188965
0.4494844675064087,18,0.7647058963775635,0.20588235557079315
0.40012192726135254,23,0.7549406886100769,0.21146245300769806
0.40012192726135254,23,0.7549406886100769,0.21146245300769806
0.39241957664489746,37,0.8183183073997498,0.19294294714927673
0.39241957664489746,37,0.8183183073997498,0.19294294714927673
0.23921987414360046,8,0.3571428656578064,0.125
0.10581520199775696,35,0.11428571492433548,0.03613445535302162
0.3036097288131714,36,0.6777777671813965,0.15317460894584656
0.28193506598472595,37,0.6246246099472046,0.14189189672470093
0.5634118914604187,19,0.8128654956817627,0.28947368264198303
0.12326216697692871,8,0.1785714328289032,0.0892857164144516
0.18808025121688843,23,0.3794466257095337,0.08695652335882187
0.22714246809482574,46,0.6135265827178955,0.10724637657403946
0.36444544792175293,49,0.8920068144798279,0.18027210235595703
0.3758798837661743,6,0.46666666865348816,0.1666666716337204
0.36780786514282227,7,0.5714285969734192,0.2142857164144516
0.31450897455215454,43,0.8073089718818665,0.17165005207061768
0.46835172176361084,30,0.9103448390960693,0.237931028008461
0.46835172176361084,30,0.9103448390960693,0.237931028008461
0.42512592673301697,29,0.7832512259483337,0.21182265877723694
0.42512592673301697,29,0.7832512259483337,0.21182265877723694
0.3535958528518677,20,0.6473684310913086,0.18421052396297455
0.35443350672721863,8,0.2857142984867096,0.1071428582072258
0.35443350672721863,8,0.2857142984867096,0.1071428582072258
0.24130137264728546,11,0.27272728085517883,0.1090909093618393
0.17356105148792267,7,0.190476194024086,0.095238097012043
0.24001866579055786,48,0.640070915222168,0.125
0.5213813781738281,38,0.9317212104797363,0.2674253284931183
0.245444193482399,44,0.5665962100028992,0.11733615398406982
0.7479394674301147,48,0.9760638475418091,0.3754432499408722
0.6467004418373108,33,0.9147727489471436,0.32575756311416626
0.3369606137275696,20,0.7315789461135864,0.18684209883213043
0.6762287616729736,36,0.9746031761169434,0.3365079462528229
0.5054273009300232,13,0.7051281929016113,0.25
0.39478352665901184,30,0.7034482955932617,0.18160919845104218
0.3583069443702698,37,0.8438438177108765,0.20420420169830322
0.3583069443702698,37,0.8438438177108765,0.20420420169830322
0.6031391620635986,11,0.8545454740524292,0.30909091234207153
0.6031391620635986,11,0.8545454740524292,0.30909091234207153
0.056195925921201706,5,0.0,0.0
0.056195925921201706,5,0.0,0.0
0.36566174030303955,15,0.5333333611488342,0.16190476715564728
0.36566174030303955,15,0.5333333611488342,0.16190476715564728
0.31990548968315125,43,0.7807309031486511,0.16998893022537231
0.8296509981155396,44,0.9926004409790039,0.40961945056915283
0.5621769428253174,36,0.9079365134239197,0.2769841253757477
0.5811777710914612,26,0.9815384745597839,0.33384615182876587
0.5811777710914612,26,0.9815384745597839,0.33384615182876587
0.34880468249320984,33,0.6875,0.17424242198467255
0.33383908867836,45,0.8232323527336121,0.16969697177410126
0.7657580375671387,24,0.945652186870575,0.375
0.2476029098033905,12,0.25757575035095215,0.0833333358168602
0.47147712111473083,8,0.8214285969734192,0.3035714328289032
0.17956331372261047,8,0.3928571343421936,0.1071428582072258
0.5400089025497437,28,0.8888888955116272,0.2738095223903656
0.08531159162521362,24,0.14492753148078918,0.047101449221372604
0.2814330458641052,48,0.7420212626457214,0.1489361673593521
0.7583250403404236,33,0.9772727489471436,0.38162878155708313
0.5855032205581665,17,0.8014705777168274,0.2867647111415863
0.14698763191699982,10,0.2666666805744171,0.07777778059244156
0.05771027132868767,7,0.0,0.0
0.05771027132868767,7,0.0,0.0
0.3397689759731293,48,0.8235815763473511,0.160017728805542
0.5512974262237549,15,0.8190476298332214,0.2571428716182709
0.5803298354148865,44,0.96300208568573,0.29809725284576416
0.26935046911239624,15,0.4000000059604645,0.11428571492433548
0.3846397399902344,32,0.8850806355476379,0.19354838132858276
0.3334368169307709,3,0.6666666865348816,0.3333333432674408
0.7106456756591797,5,0.800000011920929,0.3499999940395355
0.43590492010116577,21,0.738095223903656,0.20952381193637848
0.43590492010116577,21,0.738095223903656,0.20952381193637848
0.36492305994033813,11,0.581818163394928,0.19090908765792847
0.1388697475194931,8,0.2857142984867096,0.0892857164144516
0.43050941824913025,16,0.7333333492279053,0.23749999701976776
0.43975359201431274,28,0.8068783283233643,0.22089947760105133
0.43975359201431274,28,0.8068783283233643,0.22089947760105133
0.14999821782112122,37,0.32582584023475647,0.07582582533359528
0.6560220718383789,8,0.8928571343421936,0.3571428656578064
0.7238397002220154,45,0.9717171788215637,0.37525251507759094
0.7238397002220154,45,0.9717171788215637,0.37525251507759094
0.31644099950790405,20,0.4421052634716034,0.1315789520740509
0.7969269752502441,49,0.990646243095398,0.4017857015132904
0.6598290205001831,43,0.9523809552192688,0.3338870406150818
0.6746160984039307,23,0.9525691866874695,0.3339920938014984
0.2729831635951996,41,0.6390243768692017,0.13414634764194489
0.40261009335517883,51,0.861960768699646,0.19294117391109467
0.5452231168746948,6,0.6000000238418579,0.30000001192092896
0.2730717360973358,35,0.6033613681793213,0.1428571492433548
0.21582701802253723,40,0.6256410479545593,0.1230769231915474
0.7085652351379395,9,0.8333333134651184,0.3333333432674408
0.37591296434402466,10,0.4888888895511627,0.1666666716337204
0.5834697484970093,5,0.699999988079071,0.25
0.15424548089504242,17,0.23529411852359772,0.06985294073820114
0.45507562160491943,18,0.7908496856689453,0.24836601316928864
0.4963509738445282,3,0.3333333432674408,0.1666666716337204
0.13329483568668365,14,0.12087912112474442,0.049450550228357315
0.1884731948375702,26,0.446153849363327,0.10461538285017014
0.1884731948375702,26,0.446153849363327,0.10461538285017014
0.557349681854248,22,0.9740259647369385,0.29004329442977905
0.557349681854248,22,0.9740259647369385,0.29004329442977905
0.7178882360458374,43,0.9734219312667847,0.3493909239768982
0.6362861394882202,22,0.9307359457015991,0.3311688303947449
0.7178882360458374,43,0.9734219312667847,0.3493909239768982
0.5265984535217285,27,0.9059829115867615,0.2735042870044708
0.18550585210323334,5,0.5,0.25
0.3857659101486206,41,0.792682945728302,0.20060975849628448
0.08611930906772614,19,0.10526315867900848,0.03801169618964195
0.39465662837028503,48,0.8023049831390381,0.18129432201385498
0.4094831347465515,27,0.8262107968330383,0.22364673018455505
0.4094831347465515,27,0.8262107968330383,0.22364673018455505
0.45506635308265686,29,0.8866994976997375,0.23275862634181976
0.04467925801873207,9,0.02777777798473835,0.013888888992369175
0.4427957534790039,23,0.8339921236038208,0.2193675935268402
0.4427957534790039,23,0.8339921236038208,0.2193675935268402
0.23535214364528656,38,0.641536295413971,0.11522048711776733
0.43635761737823486,18,0.6470588445663452,0.2222222238779068
0.765693724155426,10,0.8888888955116272,0.3888888955116272
0.765693724155426,10,0.8888888955116272,0.3888888955116272
0.4904308319091797,3,0.6666666865348816,0.3333333432674408
0.19542135298252106,22,0.32900431752204895,0.09090909361839294
0.2682724595069885,49,0.6641156673431396,0.13137754797935486
0.2682724595069885,49,0.6641156673431396,0.13137754797935486
0.3702731728553772,8,0.3571428656578064,0.1607142835855484
0.7822861671447754,16,0.949999988079071,0.38333332538604736
0.252912312746048,48,0.658687949180603,0.12056737393140793
0.4622572064399719,42,0.869918704032898,0.2433217167854309
0.38524481654167175,39,0.8650472164154053,0.19568151235580444
0.38524481654167175,39,0.8650472164154053,0.19568151235580444
0.5549241900444031,49,0.9515306353569031,0.2780612111091614
0.747440755367279,8,0.9285714030265808,0.4285714328289032
0.747440755367279,8,0.9285714030265808,0.4285714328289032
0.43482667207717896,15,0.6952381134033203,0.20000000298023224
0.2050614058971405,18,0.2549019753932953,0.08496732264757156
0.47379422187805176,13,0.6666666865348816,0.22435897588729858
0.054642897099256516,38,0.07823613286018372,0.027027027681469917
0.054642897099256516,38,0.07823613286018372,0.027027027681469917
0.2699776887893677,17,0.5808823704719543,0.14705882966518402
0.5916510820388794,12,0.7575757503509521,0.25757575035095215
0.23071572184562683,20,0.5210526585578918,0.1342105269432068
0.4617789089679718,21,0.8857142925262451,0.24523809552192688
0.4617789089679718,21,0.8857142925262451,0.24523809552192688
0.4718082845211029,28,0.8730158805847168,0.23148147761821747
0.4718082845211029,28,0.8730158805847168,0.23148147761821747
0.4918418526649475,22,0.8398268222808838,0.24025973677635193
0.20099255442619324,23,0.4229249060153961,0.10276679694652557
0.1943320631980896,12,0.24242424964904785,0.09090909361839294
0.8278740644454956,20,0.9684210419654846,0.41842105984687805
0.3028085231781006,6,0.2666666805744171,0.13333334028720856
0.5308141112327576,35,0.9075630307197571,0.2462184876203537
0.36860671639442444,35,0.8403361439704895,0.18319328129291534
0.1627727895975113,12,0.13636364042758942,0.06060606241226196
0.3686375617980957,34,0.8181818127632141,0.20588235557079315
0.3686375617980957,34,0.8181818127632141,0.20588235557079315
0.3798072040081024,9,0.5277777910232544,0.1805555522441864
0.5953996181488037,22,0.8701298832893372,0.29004329442977905
0.3679617643356323,28,0.7671957612037659,0.170634925365448
0.37186142802238464,38,0.7980085611343384,0.18563300371170044
0.38824665546417236,26,0.7353846430778503,0.1892307698726654
0.6764671206474304,10,0.9555555582046509,0.36666667461395264
0.4824843108654022,29,0.9113300442695618,0.22906403243541718
0.3760439455509186,36,0.7444444298744202,0.17380952835083008
0.5034484267234802,32,0.8911290168762207,0.25907257199287415
0.48850929737091064,21,0.8428571224212646,0.2380952388048172
0.4222851097583771,17,0.7132353186607361,0.20220588147640228
0.2545156180858612,4,0.1666666716337204,0.0833333358168602
0.4222851097583771,17,0.7132353186607361,0.20220588147640228
0.24823983013629913,17,0.41911765933036804,0.11029411852359772
0.17210546135902405,5,0.20000000298023224,0.10000000149011612
0.17210546135902405,5,0.20000000298023224,0.10000000149011612
0.6898096799850464,23,0.9130434989929199,0.37154150009155273
0.3398934006690979,23,0.687747061252594,0.18379446864128113
0.3398934006690979,23,0.687747061252594,0.18379446864128113
0.24158434569835663,46,0.6618357300758362,0.12946860492229462
0.24158434569835663,46,0.6618357300758362,0.12946860492229462
0.27073460817337036,48,0.6985815763473511,0.13829787075519562
0.3354960083961487,29,0.697044312953949,0.16995073854923248
0.5109708905220032,9,0.9166666865348816,0.25
0.6055367588996887,30,0.951724112033844,0.3057471215724945
0.3249742388725281,24,0.6268116235733032,0.14311593770980835
0.3249742388725281,24,0.6268116235733032,0.14311593770980835
0.7911475300788879,28,0.9788359999656677,0.4021163880825043
0.06535360962152481,51,0.1349019557237625,0.032549019902944565
0.21770039200782776,49,0.6377550959587097,0.11224489659070969
0.21770039200782776,49,0.6377550959587097,0.11224489659070969
0.7242178320884705,23,0.9604743123054504,0.3636363744735718
0.3153165876865387,21,0.6380952596664429,0.16190476715564728
0.09395196288824081,47,0.18316373229026794,0.044403329491615295
0.7255783677101135,44,0.96300208568573,0.3557082414627075
0.7255783677101135,44,0.96300208568573,0.3557082414627075
0.43627554178237915,5,0.6000000238418579,0.15000000596046448
0.5196489095687866,16,0.8916666507720947,0.24166665971279144
0.6807281970977783,28,0.9470899701118469,0.341269850730896
0.07544417679309845,18,0.0784313753247261,0.03267974033951759
0.4398011863231659,16,0.6833333373069763,0.20416666567325592
0.5962011218070984,42,0.9442508816719055,0.30662021040916443
0.5962011218070984,42,0.9442508816719055,0.30662021040916443
0.436570942401886,37,0.8768768906593323,0.2199699729681015
0.3682975471019745,43,0.7818382978439331,0.17718715965747833
0.3826012909412384,5,0.30000001192092896,0.10000000149011612
0.6348127126693726,24,0.9492753744125366,0.32608696818351746
0.3826012909412384,5,0.30000001192092896,0.10000000149011612
0.38967588543891907,38,0.8549075126647949,0.1849217712879181
0.7580480575561523,37,0.9654654860496521,0.3888888955116272
0.27641141414642334,41,0.6292682886123657,0.12987804412841797
0.27641141414642334,41,0.6292682886123657,0.12987804412841797
0.14623133838176727,40,0.3717948794364929,0.07692307978868484
0.24282388389110565,38,0.5433855056762695,0.11024182289838791
0.7989198565483093,3,1.0,0.5
0.4379585385322571,23,0.7588932514190674,0.20553359389305115
0.4379585385322571,23,0.7588932514190674,0.20553359389305115
0.6396096348762512,46,0.9671497344970703,0.3342995047569275
0.46699070930480957,7,0.761904776096344,0.2857142984867096
0.6782609224319458,10,0.8666666746139526,0.35555556416511536
0.6782609224319458,10,0.8666666746139526,0.35555556416511536
0.5671553611755371,48,0.9645389914512634,0.28634750843048096
0.5504485964775085,37,0.9234234094619751,0.2657657563686371
0.5504485964775085,37,0.9234234094619751,0.2657657563686371
0.3802454173564911,12,0.469696968793869,0.1818181872367859
0.2533576190471649,17,0.5588235259056091,0.1507352888584137
0.2533576190471649,17,0.5588235259056091,0.1507352888584137
0.33414337038993835,9,0.7222222089767456,0.1944444477558136
0.13178041577339172,7,0.190476194024086,0.095238097012043
0.6040683388710022,47,0.9417206048965454,0.2927844524383545
0.6040683388710022,47,0.9417206048965454,0.2927844524383545
0.8496087789535522,33,0.9943181872367859,0.43465909361839294
0.5054419040679932,18,0.758169949054718,0.2450980395078659
0.3710307478904724,23,0.7588932514190674,0.21146245300769806
0.3710307478904724,23,0.7588932514190674,0.21146245300769806
0.4673665165901184,5,0.6000000238418579,0.25
0.19509917497634888,3,0.3333333432674408,0.1666666716337204
0.18497972190380096,26,0.4092307686805725,0.09846153855323792
0.10736913979053497,42,0.22067363560199738,0.051103368401527405
0.3078835904598236,25,0.6299999952316284,0.1616666615009308
0.05606287345290184,47,0.0980573520064354,0.02728954702615738
0.2401946485042572,32,0.5766128897666931,0.12197580933570862
0.4260883033275604,51,0.8949019312858582,0.21843136847019196
0.19260333478450775,20,0.3210526406764984,0.10526315867900848
0.3948209285736084,50,0.8751020431518555,0.20204082131385803
0.26652923226356506,42,0.7142857313156128,0.14518001675605774
0.6110392212867737,37,0.9474474191665649,0.30930930376052856
0.5742806792259216,40,0.9564102292060852,0.28012821078300476
0.3844779133796692,41,0.7402439117431641,0.1676829308271408
0.3844779133796692,41,0.7402439117431641,0.1676829308271408
0.24055397510528564,11,0.20000000298023224,0.09090909361839294
0.20340561866760254,40,0.5333333611488342,0.1051282063126564
0.31678712368011475,3,0.6666666865348816,0.3333333432674408
0.29907694458961487,48,0.7118794322013855,0.1351950317621231
0.5385092496871948,17,0.9117646813392639,0.26838234066963196
0.8006307482719421,3,0.6666666865348816,0.3333333432674408
0.2723248600959778,17,0.5367646813392639,0.13970588147640228
0.5644556283950806,19,0.8888888955116272,0.28654971718788147
0.4854792356491089,5,0.6000000238418579,0.25
0.20436453819274902,38,0.47652915120124817,0.09388335794210434
0.4854792356491089,5,0.6000000238418579,0.25
0.5218970775604248,40,0.9307692050933838,0.2519230842590332
0.6544317007064819,7,0.7142857313156128,0.3095238208770752
0.3529149889945984,34,0.7040998339653015,0.17290551960468292
0.5446772575378418,27,0.8490028381347656,0.24074074625968933
0.5446772575378418,27,0.8490028381347656,0.24074074625968933
0.3675519824028015,29,0.7364531755447388,0.17980295419692993
0.33744561672210693,47,0.8149861097335815,0.1628122180700302
0.33744561672210693,47,0.8149861097335815,0.1628122180700302
0.6701813340187073,5,0.800000011920929,0.3499999940395355
0.7758550643920898,41,0.9878048896789551,0.3762195110321045
0.5996035933494568,36,0.9746031761169434,0.29603174328804016
0.3552985191345215,22,0.6580086350440979,0.17965367436408997
0.21818892657756805,26,0.381538450717926,0.10769230872392654
0.21818892657756805,26,0.381538450717926,0.10769230872392654
0.2497267723083496,20,0.34736841917037964,0.09736841917037964
0.2110089659690857,49,0.557823121547699,0.10161564499139786
0.2110089659690857,49,0.557823121547699,0.10161564499139786
0.6359667181968689,50,0.9534693956375122,0.31387755274772644
0.7108883261680603,36,0.9492063522338867,0.37063491344451904
0.7108883261680603,36,0.9492063522338867,0.37063491344451904
0.6359667181968689,50,0.9534693956375122,0.31387755274772644
0.3276888132095337,50,0.7771428823471069,0.16448979079723358
0.22202534973621368,22,0.44155845046043396,0.1341991275548935
0.43071165680885315,4,0.6666666865348816,0.25
0.6374797224998474,51,0.9647058844566345,0.3203921616077423
0.6374797224998474,51,0.9647058844566345,0.3203921616077423
0.6840453743934631,23,0.9209486246109009,0.33003953099250793
0.3800259232521057,23,0.739130437374115,0.19367589056491852
0.5109495520591736,43,0.9512735605239868,0.2580288052558899
0.6302209496498108,3,1.0,0.3333333432674408
0.466269850730896,48,0.917553186416626,0.23093971610069275
0.3088563084602356,16,0.7416666746139526,0.20000000298023224
0.14229805767536163,28,0.25661376118659973,0.06613756716251373
0.3098030388355255,26,0.7415384650230408,0.16923077404499054
0.4823659658432007,29,0.8201970458030701,0.24137930572032928
0.1425662785768509,40,0.32179486751556396,0.07179487496614456
0.4198770523071289,47,0.8843663334846497,0.2072155475616455
0.2739991247653961,6,0.4000000059604645,0.13333334028720856
0.05622207745909691,36,0.09365079551935196,0.03015873022377491
0.5784918665885925,11,0.8909090757369995,0.33636364340782166
0.3020869195461273,46,0.7236714959144592,0.15169082581996918
0.14444559812545776,6,0.13333334028720856,0.06666667014360428
0.14444559812545776,6,0.13333334028720856,0.06666667014360428
0.17383083701133728,32,0.4334677457809448,0.09778226166963577
0.17383083701133728,32,0.4334677457809448,0.09778226166963577
0.32675495743751526,10,0.7555555701255798,0.2222222238779068
0.48856687545776367,30,0.882758617401123,0.25172412395477295
0.07859496027231216,33,0.19128787517547607,0.04829545319080353
0.07859496027231216,33,0.19128787517547607,0.04829545319080353
0.5663299560546875,43,0.9667773842811584,0.2945736348628998
0.2859753668308258,33,0.6003788113594055,0.1306818127632141
0.2859753668308258,33,0.6003788113594055,0.1306818127632141
0.07864253968000412,34,0.11586453020572662,0.03475935757160187
0.04665673151612282,31,0.07741935551166534,0.024731183424592018
0.5712190866470337,18,0.9346405267715454,0.30392158031463623
0.5712190866470337,18,0.9346405267715454,0.30392158031463623
0.803322970867157,47,0.9842737913131714,0.401480108499527
0.4269680082798004,5,0.800000011920929,0.25
0.05824084207415581,44,0.07716701924800873,0.025369979441165924
0.48197615146636963,15,0.7047619223594666,0.21904762089252472
0.410466730594635,23,0.790513813495636,0.21541501581668854
0.6063433885574341,15,0.9142857193946838,0.2904762029647827
0.3269364833831787,33,0.6875,0.15246212482452393
0.3269364833831787,33,0.6875,0.15246212482452393
0.6192511916160583,46,0.9642512202262878,0.3096618354320526
0.4016415476799011,46,0.8570048213005066,0.20338164269924164
0.45532822608947754,23,0.782608687877655,0.25296443700790405
0.07779177278280258,48,0.16400709748268127,0.040780141949653625
0.4776736795902252,12,0.7121211886405945,0.19696970283985138
0.4561822712421417,18,0.7712418437004089,0.2222222238779068
0.33364084362983704,32,0.6552419066429138,0.14919355511665344
0.21620476245880127,9,0.0833333358168602,0.0416666679084301
0.44398656487464905,20,0.8105263113975525,0.2184210568666458
0.4233890175819397,5,0.30000001192092896,0.15000000596046448
0.7381032705307007,13,0.9487179517745972,0.3717948794364929
0.4233890175819397,5,0.30000001192092896,0.15000000596046448
0.19500811398029327,6,0.06666667014360428,0.03333333507180214
0.7341171503067017,33,0.9450757503509521,0.36742424964904785
0.10787764936685562,19,0.15789473056793213,0.05263157933950424
0.3209559917449951,10,0.5777778029441833,0.20000000298023224
0.39309507608413696,50,0.8710204362869263,0.198775514960289
0.784138023853302,7,1.0,0.380952388048172
0.5215530395507812,19,0.8070175647735596,0.24853801727294922
0.38034266233444214,20,0.6473684310913086,0.17894737422466278
0.09145459532737732,16,0.125,0.0416666679084301
0.09145459532737732,16,0.125,0.0416666679084301
0.09145459532737732,16,0.125,0.0416666679084301
0.149048313498497,22,0.17748917639255524,0.06277056038379669
0.26877081394195557,18,0.4248366057872772,0.12091503292322159
0.45203647017478943,29,0.9162561297416687,0.24876847863197327
0.6053203344345093,43,0.9756367802619934,0.3145071864128113
0.45203647017478943,29,0.9162561297416687,0.24876847863197327
0.08208999037742615,46,0.1642512083053589,0.04202898591756821
0.6008915901184082,35,0.9613445401191711,0.305042028427124
0.8024353384971619,10,0.9333333373069763,0.3888888955116272
0.8024353384971619,10,0.9333333373069763,0.3888888955116272
0.8089488744735718,6,1.0,0.5
0.5979968905448914,6,0.7333333492279053,0.3333333432674408
0.5979968905448914,6,0.7333333492279053,0.3333333432674408
0.10686854273080826,46,0.23091787099838257,0.04975845292210579
0.5440290570259094,8,0.6785714030265808,0.2321428507566452
0.29696476459503174,49,0.7755101919174194,0.15731292963027954
0.13519912958145142,17,0.24264705181121826,0.07352941483259201
0.3438126742839813,23,0.5968379378318787,0.16996046900749207
0.395761102437973,15,0.800000011920929,0.23333333432674408
0.2800407409667969,20,0.5789473652839661,0.13947369158267975
0.16700772941112518,16,0.30000001192092896,0.09166666865348816
0.10751862078905106,41,0.21707317233085632,0.04695121943950653
0.10751862078905106,41,0.21707317233085632,0.04695121943950653
0.4623509347438812,22,0.8398268222808838,0.23593074083328247
0.20571282505989075,43,0.5304540395736694,0.1029900312423706
0.5374138355255127,43,0.9335548281669617,0.2696566879749298
0.7168576717376709,9,0.9166666865348816,0.3194444477558136
0.18864087760448456,10,0.17777778208255768,0.06666667014360428
0.24920813739299774,33,0.6174242496490479,0.1297348439693451
0.24920813739299774,33,0.6174242496490479,0.1297348439693451
0.3127248287200928,9,0.3055555522441864,0.1111111119389534
0.2738058269023895,21,0.5190476179122925,0.13571429252624512
0.45953357219696045,30,0.8758620619773865,0.23333333432674408
0.8396378755569458,46,0.990338146686554,0.4207729399204254
0.8396378755569458,46,0.990338146686554,0.4207729399204254
0.3928486108779907,39,0.9257760047912598,0.2159244269132614
0.09264424443244934,11,0.2545454502105713,0.09090909361839294
0.4980602562427521,43,0.920265793800354,0.2646733224391937
0.19570261240005493,34,0.48663100600242615,0.10695187002420425
0.19570261240005493,34,0.48663100600242615,0.10695187002420425
0.27027326822280884,45,0.596969723701477,0.1176767647266388
0.27027326822280884,45,0.596969723701477,0.1176767647266388
